﻿<AML>
 <Item type="ItemType" id="7BA1381F3C284849B4C79E12DAA74BA8" action="add">
  <allow_private_permission>0</allow_private_permission>
  <auto_search>1</auto_search>
  <default_lifecycle keyed_name="Default" type="Life Cycle Map">2F3B75E17C4E4F2D9599579A965BFA64</default_lifecycle>
  <hide_where_used>0</hide_where_used>
  <implementation_type>table</implementation_type>
  <instance_data>FISHBONE_ANALYSIS</instance_data>
  <is_dependent>0</is_dependent>
  <is_relationship>0</is_relationship>
  <is_versionable>0</is_versionable>
  <label>FishBone Analysis</label>
  <large_icon>../images/Icons/32x32/32x32_workflowProcesses.gif</large_icon>
  <manual_versioning>0</manual_versioning>
  <name>FishBone Analysis</name>
  <open_icon>../images/Icons/16x16/16x16_workflowProcesses.gif</open_icon>
  <revisions keyed_name="Default" type="Revision">7FE395DD8B9F4E1090756A34B733D75E</revisions>
  <save_history>0</save_history>
  <show_parameters_tab>1</show_parameters_tab>
  <unlock_on_logout>0</unlock_on_logout>
  <use_src_access>0</use_src_access>
  <Relationships>
   <Item type="Allowed Permission" id="871C381D081843EEA8D681CA9898463E" action="add">
    <is_default>1</is_default>
    <related_id keyed_name="Fish Bone" type="Permission">EF86BE24D74C4F849AF2321894519ABC</related_id>
    <sort_order>128</sort_order>
    <source_id keyed_name="FishBone Analysis" type="ItemType" name="FishBone Analysis">7BA1381F3C284849B4C79E12DAA74BA8</source_id>
   </Item>
   <Item type="Can Add" id="C5A74F7DB13B4EB4BAEB9779EBFFCB36" action="add">
    <can_add>1</can_add>
    <related_id keyed_name="Administrators" type="Identity">2618D6F5A90949BAA7E920D1B04C7EE1</related_id>
    <sort_order>256</sort_order>
    <source_id keyed_name="FishBone Analysis" type="ItemType" name="FishBone Analysis">7BA1381F3C284849B4C79E12DAA74BA8</source_id>
   </Item>
   <Item type="Can Add" id="1314E4502CD94F07B3C4ED73B0CB1842" action="add">
    <can_add>1</can_add>
    <related_id keyed_name="World" type="Identity">
     <Item type="Identity" action="get" select="id">
      <name>World</name>
     </Item>
    </related_id>
    <sort_order>128</sort_order>
    <source_id keyed_name="FishBone Analysis" type="ItemType" name="FishBone Analysis">7BA1381F3C284849B4C79E12DAA74BA8</source_id>
   </Item>
   <Item type="Property" id="191C1285BFA44329B94810149277B25B" action="add">
    <column_alignment>left</column_alignment>
    <column_width>200</column_width>
    <data_type>string</data_type>
    <is_hidden>0</is_hidden>
    <is_hidden2>0</is_hidden2>
    <is_indexed>0</is_indexed>
    <is_keyed>0</is_keyed>
    <is_multi_valued>0</is_multi_valued>
    <is_required>0</is_required>
    <label>Description</label>
    <name>description</name>
    <range_inclusive>0</range_inclusive>
    <readonly>0</readonly>
    <sort_order>8</sort_order>
    <source_id keyed_name="FishBone Analysis" type="ItemType" name="FishBone Analysis">7BA1381F3C284849B4C79E12DAA74BA8</source_id>
    <stored_length>128</stored_length>
   </Item>
   <Item type="Property" id="B9A3629A9D1C420C9D5C14885D4BD306" action="add">
    <column_alignment>left</column_alignment>
    <column_width>250</column_width>
    <data_source keyed_name="File" type="ItemType" name="File">8052A558B9084D41B9F11805E464F443</data_source>
    <data_type>item</data_type>
    <is_hidden>0</is_hidden>
    <is_hidden2>0</is_hidden2>
    <is_indexed>0</is_indexed>
    <is_keyed>0</is_keyed>
    <is_multi_valued>0</is_multi_valued>
    <is_required>0</is_required>
    <item_behavior>float</item_behavior>
    <label>File</label>
    <name>fishbone_file</name>
    <range_inclusive>0</range_inclusive>
    <readonly>0</readonly>
    <sort_order>10</sort_order>
    <source_id keyed_name="FishBone Analysis" type="ItemType" name="FishBone Analysis">7BA1381F3C284849B4C79E12DAA74BA8</source_id>
   </Item>
   <Item type="Property" id="F2554D10694B409DAC6039D06F104DB4" action="add">
    <column_alignment>left</column_alignment>
    <column_width>100</column_width>
    <data_source keyed_name="Quality Analysis">1679A1C54DB54695BE22BD3F554D53CC</data_source>
    <data_type>sequence</data_type>
    <is_hidden>0</is_hidden>
    <is_hidden2>0</is_hidden2>
    <is_indexed>0</is_indexed>
    <is_keyed>0</is_keyed>
    <is_multi_valued>0</is_multi_valued>
    <is_required>0</is_required>
    <keyed_name_order>1</keyed_name_order>
    <label>Item Number</label>
    <name>item_number</name>
    <order_by>1</order_by>
    <range_inclusive>0</range_inclusive>
    <readonly>0</readonly>
    <sort_order>1</sort_order>
    <source_id keyed_name="FishBone Analysis" type="ItemType" name="FishBone Analysis">7BA1381F3C284849B4C79E12DAA74BA8</source_id>
   </Item>
   <Item type="View" id="9D85F53ADD8E4943BA3A4481D322EC31" action="add">
    <client>js</client>
    <related_id keyed_name="FishBone Analysis" type="Form">35F83BFB0F294FCDA49C11810576D9AB</related_id>
    <role keyed_name="World" type="Identity">
     <Item type="Identity" action="get" select="id">
      <name>World</name>
     </Item>
    </role>
    <sort_order>128</sort_order>
    <source_id keyed_name="FishBone Analysis" type="ItemType" name="FishBone Analysis">7BA1381F3C284849B4C79E12DAA74BA8</source_id>
    <type>default</type>
   </Item>
  </Relationships>
 </Item>
</AML>