﻿<AML>
 <Item type="ItemType" id="F768DEE565D94BFF92BB6D498A5C990A" action="add">
  <allow_private_permission>0</allow_private_permission>
  <auto_search>1</auto_search>
  <default_lifecycle keyed_name="QS Five Why's" type="Life Cycle Map">4A1D6521F57B4CE485814CF1FE16FA52</default_lifecycle>
  <hide_where_used>0</hide_where_used>
  <implementation_type>table</implementation_type>
  <instance_data>FTA_ANALYSIS</instance_data>
  <is_dependent>0</is_dependent>
  <is_relationship>0</is_relationship>
  <is_versionable>0</is_versionable>
  <label>FTA Analysis</label>
  <large_icon>../images/Icons/32x32/32x32_viewers.gif</large_icon>
  <manual_versioning>0</manual_versioning>
  <name>FTA Analysis</name>
  <open_icon>../images/Icons/16x16/16x16_viewers.gif</open_icon>
  <revisions keyed_name="Default" type="Revision">7FE395DD8B9F4E1090756A34B733D75E</revisions>
  <save_history>0</save_history>
  <show_parameters_tab>1</show_parameters_tab>
  <unlock_on_logout>0</unlock_on_logout>
  <use_src_access>0</use_src_access>
  <Relationships>
   <Item type="Allowed Permission" id="C9BC197AB8114F0B8FB9C079B258F2A0" action="add">
    <is_default>1</is_default>
    <related_id keyed_name="Fish Bone" type="Permission">EF86BE24D74C4F849AF2321894519ABC</related_id>
    <sort_order>128</sort_order>
    <source_id keyed_name="FTA Analysis" type="ItemType" name="FTA Analysis">F768DEE565D94BFF92BB6D498A5C990A</source_id>
   </Item>
   <Item type="Can Add" id="76DDAB42938649FDBE150BBE46608EF7" action="add">
    <can_add>1</can_add>
    <related_id keyed_name="World" type="Identity">
     <Item type="Identity" action="get" select="id">
      <name>World</name>
     </Item>
    </related_id>
    <sort_order>128</sort_order>
    <source_id keyed_name="FTA Analysis" type="ItemType" name="FTA Analysis">F768DEE565D94BFF92BB6D498A5C990A</source_id>
   </Item>
   <Item type="Property" id="89F577257C954780A4AC71ADB2A6D286" action="add">
    <column_alignment>left</column_alignment>
    <column_width>200</column_width>
    <data_type>string</data_type>
    <is_hidden>0</is_hidden>
    <is_hidden2>0</is_hidden2>
    <is_indexed>0</is_indexed>
    <is_keyed>0</is_keyed>
    <is_multi_valued>0</is_multi_valued>
    <is_required>0</is_required>
    <label>Description</label>
    <name>description</name>
    <range_inclusive>0</range_inclusive>
    <readonly>0</readonly>
    <sort_order>8</sort_order>
    <source_id keyed_name="FTA Analysis" type="ItemType" name="FTA Analysis">F768DEE565D94BFF92BB6D498A5C990A</source_id>
    <stored_length>128</stored_length>
   </Item>
   <Item type="Property" id="11DB9E0C92314B068B3DD0392F6F92FA" action="add">
    <column_alignment>left</column_alignment>
    <column_width>250</column_width>
    <data_source keyed_name="File" type="ItemType" name="File">8052A558B9084D41B9F11805E464F443</data_source>
    <data_type>item</data_type>
    <is_hidden>0</is_hidden>
    <is_hidden2>0</is_hidden2>
    <is_indexed>0</is_indexed>
    <is_keyed>0</is_keyed>
    <is_multi_valued>0</is_multi_valued>
    <is_required>0</is_required>
    <item_behavior>float</item_behavior>
    <label>File</label>
    <name>fishbone_file</name>
    <range_inclusive>0</range_inclusive>
    <readonly>0</readonly>
    <sort_order>10</sort_order>
    <source_id keyed_name="FTA Analysis" type="ItemType" name="FTA Analysis">F768DEE565D94BFF92BB6D498A5C990A</source_id>
   </Item>
   <Item type="Property" id="D2030570CC7B428091016483C058613E" action="add">
    <column_alignment>left</column_alignment>
    <column_width>100</column_width>
    <data_source keyed_name="Quality Analysis">1679A1C54DB54695BE22BD3F554D53CC</data_source>
    <data_type>sequence</data_type>
    <is_hidden>0</is_hidden>
    <is_hidden2>0</is_hidden2>
    <is_indexed>0</is_indexed>
    <is_keyed>0</is_keyed>
    <is_multi_valued>0</is_multi_valued>
    <is_required>0</is_required>
    <keyed_name_order>1</keyed_name_order>
    <label>FTA Analysis ID</label>
    <name>item_number</name>
    <order_by>1</order_by>
    <range_inclusive>0</range_inclusive>
    <readonly>0</readonly>
    <sort_order>1</sort_order>
    <source_id keyed_name="FTA Analysis" type="ItemType" name="FTA Analysis">F768DEE565D94BFF92BB6D498A5C990A</source_id>
   </Item>
   <Item type="View" id="E38101907B6B4988B57E1A09742823A0" action="add">
    <client>js</client>
    <related_id keyed_name="FTA Analysis" type="Form">646ED99EB361480AB4960FA3AD77BD3A</related_id>
    <role keyed_name="World" type="Identity">
     <Item type="Identity" action="get" select="id">
      <name>World</name>
     </Item>
    </role>
    <sort_order>128</sort_order>
    <source_id keyed_name="FTA Analysis" type="ItemType" name="FTA Analysis">F768DEE565D94BFF92BB6D498A5C990A</source_id>
    <type>default</type>
   </Item>
  </Relationships>
 </Item>
</AML>