﻿<AML>
 <Item type="ItemType" id="7701557EE56341E68B142F1125066085" action="add">
  <allow_private_permission>0</allow_private_permission>
  <auto_search>1</auto_search>
  <default_lifecycle keyed_name="Default" type="Life Cycle Map">2F3B75E17C4E4F2D9599579A965BFA64</default_lifecycle>
  <hide_where_used>0</hide_where_used>
  <implementation_type>table</implementation_type>
  <instance_data>ISO</instance_data>
  <is_dependent>0</is_dependent>
  <is_relationship>0</is_relationship>
  <is_versionable>0</is_versionable>
  <label>ISO Manual</label>
  <large_icon>../images/Icons/32x32/32x32_filesTypes.gif</large_icon>
  <manual_versioning>0</manual_versioning>
  <name>ISO</name>
  <open_icon>../images/Icons/16x16/16x16_fileTypes.gif</open_icon>
  <revisions keyed_name="Default" type="Revision">7FE395DD8B9F4E1090756A34B733D75E</revisions>
  <save_history>0</save_history>
  <show_parameters_tab>1</show_parameters_tab>
  <unlock_on_logout>0</unlock_on_logout>
  <use_src_access>0</use_src_access>
  <Relationships>
   <Item type="Allowed Permission" id="91C7A7AE9D5445AB865B1A7D28C62C8F" action="add">
    <is_default>1</is_default>
    <related_id keyed_name="ISO" type="Permission">4264F52ED05840A9BE19D4D5A17A7EA3</related_id>
    <sort_order>128</sort_order>
    <source_id keyed_name="ISO" type="ItemType" name="ISO">7701557EE56341E68B142F1125066085</source_id>
   </Item>
   <Item type="Can Add" id="8E6AD397A12B49E3B9F8770512F0DFEA" action="add">
    <can_add>1</can_add>
    <related_id keyed_name="World" type="Identity">
     <Item type="Identity" action="get" select="id">
      <name>World</name>
     </Item>
    </related_id>
    <sort_order>128</sort_order>
    <source_id keyed_name="ISO" type="ItemType" name="ISO">7701557EE56341E68B142F1125066085</source_id>
   </Item>
   <Item type="Property" id="4B016BD4301D42CAA77D5D90096805F6" action="add">
    <column_alignment>left</column_alignment>
    <column_width>400</column_width>
    <data_type>string</data_type>
    <is_hidden>0</is_hidden>
    <is_hidden2>0</is_hidden2>
    <is_indexed>0</is_indexed>
    <is_keyed>0</is_keyed>
    <is_multi_valued>0</is_multi_valued>
    <is_required>0</is_required>
    <label>Description</label>
    <name>description</name>
    <range_inclusive>0</range_inclusive>
    <readonly>0</readonly>
    <sort_order>10</sort_order>
    <source_id keyed_name="ISO" type="ItemType" name="ISO">7701557EE56341E68B142F1125066085</source_id>
    <stored_length>128</stored_length>
   </Item>
   <Item type="Property" id="8B850FE688344A409CFFBA40F5329953" action="add">
    <column_alignment>left</column_alignment>
    <data_source keyed_name="File" type="ItemType" name="File">8052A558B9084D41B9F11805E464F443</data_source>
    <data_type>item</data_type>
    <is_hidden>1</is_hidden>
    <is_hidden2>1</is_hidden2>
    <is_indexed>0</is_indexed>
    <is_keyed>0</is_keyed>
    <is_multi_valued>0</is_multi_valued>
    <is_required>0</is_required>
    <item_behavior>float</item_behavior>
    <label>File</label>
    <name>file_name</name>
    <range_inclusive>0</range_inclusive>
    <readonly>0</readonly>
    <sort_order>138</sort_order>
    <source_id keyed_name="ISO" type="ItemType" name="ISO">7701557EE56341E68B142F1125066085</source_id>
   </Item>
   <Item type="Property" id="FF0757F835F34BD0B34859AE46E23D7E" action="add">
    <column_alignment>center</column_alignment>
    <column_width>90</column_width>
    <data_type>integer</data_type>
    <is_hidden>0</is_hidden>
    <is_hidden2>0</is_hidden2>
    <is_indexed>0</is_indexed>
    <is_keyed>0</is_keyed>
    <is_multi_valued>0</is_multi_valued>
    <is_required>0</is_required>
    <label>Level</label>
    <name>iso_level</name>
    <order_by>1</order_by>
    <range_inclusive>0</range_inclusive>
    <readonly>0</readonly>
    <sort_order>5</sort_order>
    <source_id keyed_name="ISO" type="ItemType" name="ISO">7701557EE56341E68B142F1125066085</source_id>
   </Item>
   <Item type="Property" id="64DB691D4DA84F3F80C28C866C9CCD7E" action="add">
    <column_alignment>left</column_alignment>
    <column_width>90</column_width>
    <data_type>string</data_type>
    <is_hidden>0</is_hidden>
    <is_hidden2>0</is_hidden2>
    <is_indexed>0</is_indexed>
    <is_keyed>0</is_keyed>
    <is_multi_valued>0</is_multi_valued>
    <is_required>0</is_required>
    <keyed_name_order>1</keyed_name_order>
    <label>ISO Doc #</label>
    <name>item_number</name>
    <order_by>2</order_by>
    <range_inclusive>0</range_inclusive>
    <readonly>0</readonly>
    <sort_order>1</sort_order>
    <source_id keyed_name="ISO" type="ItemType" name="ISO">7701557EE56341E68B142F1125066085</source_id>
    <stored_length>32</stored_length>
   </Item>
   <Item type="TOC Access" id="0E1AC37AEDFD4269B57A93C9C0794418" action="add">
    <category>Documents</category>
    <related_id keyed_name="World" type="Identity">
     <Item type="Identity" action="get" select="id">
      <name>World</name>
     </Item>
    </related_id>
    <sort_order>128</sort_order>
    <source_id keyed_name="ISO" type="ItemType" name="ISO">7701557EE56341E68B142F1125066085</source_id>
   </Item>
   <Item type="View" id="F3810C55B2D94C31AE968BCC8CAE1E13" action="add">
    <client>js</client>
    <related_id keyed_name="ISO" type="Form">2B28AC39EF914B7DAF289A46E516534D</related_id>
    <role keyed_name="World" type="Identity">
     <Item type="Identity" action="get" select="id">
      <name>World</name>
     </Item>
    </role>
    <sort_order>128</sort_order>
    <source_id keyed_name="ISO" type="ItemType" name="ISO">7701557EE56341E68B142F1125066085</source_id>
    <type>default</type>
   </Item>
  </Relationships>
 </Item>
</AML>