﻿<AML>
 <Item type="ItemType" id="58D74CF0E0934E33850CC3CB28361FD9" action="add">
  <allow_private_permission>1</allow_private_permission>
  <auto_search>1</auto_search>
  <default_lifecycle keyed_name="QS NCR" type="Life Cycle Map">4ABD7CED084E4687A9386CAB5CECB3C5</default_lifecycle>
  <hide_where_used>0</hide_where_used>
  <implementation_type>table</implementation_type>
  <instance_data>NCR</instance_data>
  <is_dependent>0</is_dependent>
  <is_relationship>0</is_relationship>
  <is_versionable>0</is_versionable>
  <label>NCR</label>
  <large_icon>../images/Icons/32x32/32x32_reports.gif</large_icon>
  <manual_versioning>0</manual_versioning>
  <name>NCR</name>
  <open_icon>../images/Icons/16x16/16x16_collection.gif</open_icon>
  <revisions keyed_name="Default" type="Revision">7FE395DD8B9F4E1090756A34B733D75E</revisions>
  <save_history>0</save_history>
  <show_parameters_tab>1</show_parameters_tab>
  <structure_view>tab view</structure_view>
  <unlock_on_logout>0</unlock_on_logout>
  <use_src_access>0</use_src_access>
  <Relationships>
   <Item type="Allowed Permission" id="3D7439D8C4214CB2807497157AD8E380" action="add">
    <is_default>1</is_default>
    <related_id keyed_name="NCR" type="Permission">B61876DFBB6F43B591DFEF5BCB8CA609</related_id>
    <sort_order>128</sort_order>
    <source_id keyed_name="NCR" type="ItemType" name="NCR">58D74CF0E0934E33850CC3CB28361FD9</source_id>
   </Item>
   <Item type="Allowed Workflow" id="62C9B6005433468EA988E9D4A645C8EF" action="add">
    <is_default>0</is_default>
    <related_id keyed_name="QS NCR" type="Workflow Map">1F045232E6BF433186E22742A3BC1133</related_id>
    <sort_order>128</sort_order>
    <source_id keyed_name="NCR" type="ItemType" name="NCR">58D74CF0E0934E33850CC3CB28361FD9</source_id>
   </Item>
   <Item type="Can Add" id="6B0A8BC37CDA4D5FA236775B8E64B049" action="add">
    <can_add>1</can_add>
    <related_id keyed_name="Innovator Admin" type="Identity">
     <Item type="Identity" action="get" select="id">
      <name>Innovator Admin</name>
     </Item>
    </related_id>
    <sort_order>256</sort_order>
    <source_id keyed_name="NCR" type="ItemType" name="NCR">58D74CF0E0934E33850CC3CB28361FD9</source_id>
   </Item>
   <Item type="Can Add" id="E56AF8A7C6554D50A6F65D041FBFAADD" action="add">
    <can_add>1</can_add>
    <related_id keyed_name="World" type="Identity">
     <Item type="Identity" action="get" select="id">
      <name>World</name>
     </Item>
    </related_id>
    <sort_order>128</sort_order>
    <source_id keyed_name="NCR" type="ItemType" name="NCR">58D74CF0E0934E33850CC3CB28361FD9</source_id>
   </Item>
   <Item type="Property" id="85B1B7545EB54B9DA2F4D5F2BAAE6DDD" action="add">
    <column_alignment>left</column_alignment>
    <column_width>80</column_width>
    <data_source keyed_name="Corporate Plants - not filter">B0AD8FBF9E86489788A0B3ABAA2CC027</data_source>
    <data_type>list</data_type>
    <is_hidden>0</is_hidden>
    <is_hidden2>0</is_hidden2>
    <is_indexed>0</is_indexed>
    <is_keyed>0</is_keyed>
    <is_multi_valued>0</is_multi_valued>
    <is_required>0</is_required>
    <label>Plant</label>
    <name>corp_plant</name>
    <range_inclusive>0</range_inclusive>
    <readonly>0</readonly>
    <sort_order>5406</sort_order>
    <source_id keyed_name="NCR" type="ItemType" name="NCR">58D74CF0E0934E33850CC3CB28361FD9</source_id>
   </Item>
   <Item type="Property" id="D175ADB221A64E979299CF2F5DE5FC1D" action="add">
    <column_alignment>left</column_alignment>
    <column_width>250</column_width>
    <data_type>string</data_type>
    <is_hidden>0</is_hidden>
    <is_hidden2>0</is_hidden2>
    <is_indexed>0</is_indexed>
    <is_keyed>0</is_keyed>
    <is_multi_valued>0</is_multi_valued>
    <is_required>0</is_required>
    <label>Non Conformance</label>
    <name>description</name>
    <range_inclusive>0</range_inclusive>
    <readonly>0</readonly>
    <sort_order>25</sort_order>
    <source_id keyed_name="NCR" type="ItemType" name="NCR">58D74CF0E0934E33850CC3CB28361FD9</source_id>
    <stored_length>250</stored_length>
   </Item>
   <Item type="Property" id="1669DD6F2B1D4488A9AED7FE7566944D" action="add">
    <column_alignment>left</column_alignment>
    <column_width>250</column_width>
    <data_type>text</data_type>
    <is_hidden>1</is_hidden>
    <is_hidden2>1</is_hidden2>
    <is_indexed>0</is_indexed>
    <is_keyed>0</is_keyed>
    <is_multi_valued>0</is_multi_valued>
    <is_required>0</is_required>
    <label>Description2</label>
    <name>description2</name>
    <range_inclusive>0</range_inclusive>
    <readonly>0</readonly>
    <sort_order>25</sort_order>
    <source_id keyed_name="NCR" type="ItemType" name="NCR">58D74CF0E0934E33850CC3CB28361FD9</source_id>
   </Item>
   <Item type="Property" id="9C973717C51C4075A921CFD5D5D0470D" action="add">
    <column_alignment>left</column_alignment>
    <column_width>120</column_width>
    <data_source keyed_name="QS NCR Found In">C6AC3AF6B3C94CB88068F050B2DE583C</data_source>
    <data_type>list</data_type>
    <is_hidden>0</is_hidden>
    <is_hidden2>0</is_hidden2>
    <is_indexed>0</is_indexed>
    <is_keyed>0</is_keyed>
    <is_multi_valued>0</is_multi_valued>
    <is_required>0</is_required>
    <label>Discovered In</label>
    <name>discovered_in</name>
    <range_inclusive>0</range_inclusive>
    <readonly>0</readonly>
    <sort_order>20</sort_order>
    <source_id keyed_name="NCR" type="ItemType" name="NCR">58D74CF0E0934E33850CC3CB28361FD9</source_id>
   </Item>
   <Item type="Property" id="8450D5F3CC1F433F8000EF3949CEBB86" action="add">
    <column_alignment>left</column_alignment>
    <column_width>80</column_width>
    <data_source keyed_name="QS NCR Number">47E6B29F9117458886F720F84B1F32A6</data_source>
    <data_type>sequence</data_type>
    <is_hidden>0</is_hidden>
    <is_hidden2>0</is_hidden2>
    <is_indexed>0</is_indexed>
    <is_keyed>0</is_keyed>
    <is_multi_valued>0</is_multi_valued>
    <is_required>0</is_required>
    <keyed_name_order>1</keyed_name_order>
    <label>NCR Number</label>
    <name>item_number</name>
    <range_inclusive>0</range_inclusive>
    <readonly>0</readonly>
    <sort_order>5</sort_order>
    <source_id keyed_name="NCR" type="ItemType" name="NCR">58D74CF0E0934E33850CC3CB28361FD9</source_id>
   </Item>
   <Item type="Property" id="2E9442B203DB4EFFB442A32B76BD53A5" action="add">
    <column_alignment>left</column_alignment>
    <column_width>80</column_width>
    <data_source keyed_name="QS NCR Affects">44D96802366D40E3BF015D4B82CF24E0</data_source>
    <data_type>list</data_type>
    <is_hidden>0</is_hidden>
    <is_hidden2>0</is_hidden2>
    <is_indexed>0</is_indexed>
    <is_keyed>0</is_keyed>
    <is_multi_valued>0</is_multi_valued>
    <is_required>0</is_required>
    <label>NCR Affects</label>
    <name>ncr_affects</name>
    <range_inclusive>0</range_inclusive>
    <readonly>0</readonly>
    <sort_order>30</sort_order>
    <source_id keyed_name="NCR" type="ItemType" name="NCR">58D74CF0E0934E33850CC3CB28361FD9</source_id>
   </Item>
   <Item type="Property" id="4C96E1EBAF794C658F92F73026607A66" action="add">
    <column_alignment>left</column_alignment>
    <column_width>100</column_width>
    <data_source keyed_name="Part" type="ItemType" name="Part">4F1AC04A2B484F3ABA4E20DB63808A88</data_source>
    <data_type>item</data_type>
    <is_hidden>0</is_hidden>
    <is_hidden2>0</is_hidden2>
    <is_indexed>0</is_indexed>
    <is_keyed>0</is_keyed>
    <is_multi_valued>0</is_multi_valued>
    <is_required>0</is_required>
    <item_behavior>float</item_behavior>
    <label>Part Number</label>
    <name>part</name>
    <range_inclusive>0</range_inclusive>
    <readonly>0</readonly>
    <sort_order>10</sort_order>
    <source_id keyed_name="NCR" type="ItemType" name="NCR">58D74CF0E0934E33850CC3CB28361FD9</source_id>
    <stored_length>40</stored_length>
   </Item>
   <Item type="Property" id="D2F12531997F427D9C53E0CE12A6033E" action="add">
    <column_alignment>left</column_alignment>
    <column_width>200</column_width>
    <data_source>
     <Item type="Property" action="get" select="id">
      <name>part</name>
      <source_id>58D74CF0E0934E33850CC3CB28361FD9</source_id>
     </Item>
    </data_source>
    <data_type>foreign</data_type>
    <foreign_property>
     <Item type="Property" action="get" select="id">
      <keyed_name>name</keyed_name>
      <source_id>
       <Item type="ItemType" action="get" select="id">
        <name>Part</name>
       </Item>
      </source_id>
     </Item>
    </foreign_property>
    <is_hidden>0</is_hidden>
    <is_hidden2>0</is_hidden2>
    <is_indexed>0</is_indexed>
    <is_keyed>0</is_keyed>
    <is_multi_valued>0</is_multi_valued>
    <is_required>0</is_required>
    <label>Part Description</label>
    <name>part_description</name>
    <range_inclusive>0</range_inclusive>
    <readonly>0</readonly>
    <sort_order>15</sort_order>
    <source_id keyed_name="NCR" type="ItemType" name="NCR">58D74CF0E0934E33850CC3CB28361FD9</source_id>
   </Item>
   <Item type="Property" id="3C701DFE7B284D2CBB7B162F8937AC96" action="add">
    <column_alignment>left</column_alignment>
    <data_source keyed_name="Location" type="ItemType" name="Location">E38F575C956649148C57C5F19FC282C7</data_source>
    <data_type>item</data_type>
    <is_hidden>1</is_hidden>
    <is_hidden2>1</is_hidden2>
    <is_indexed>0</is_indexed>
    <is_keyed>0</is_keyed>
    <is_multi_valued>0</is_multi_valued>
    <is_required>0</is_required>
    <item_behavior>float</item_behavior>
    <label>Plant Location</label>
    <name>plant_location</name>
    <range_inclusive>0</range_inclusive>
    <readonly>0</readonly>
    <sort_order>5278</sort_order>
    <source_id keyed_name="NCR" type="ItemType" name="NCR">58D74CF0E0934E33850CC3CB28361FD9</source_id>
   </Item>
   <Item type="Property" id="E3CE7DFDE118475B960145F19493C1C2" action="add">
    <column_alignment>left</column_alignment>
    <column_width>80</column_width>
    <data_type>integer</data_type>
    <is_hidden>1</is_hidden>
    <is_hidden2>1</is_hidden2>
    <is_indexed>0</is_indexed>
    <is_keyed>0</is_keyed>
    <is_multi_valued>0</is_multi_valued>
    <is_required>0</is_required>
    <label>Qty Inspected</label>
    <name>qty_inspected</name>
    <range_inclusive>0</range_inclusive>
    <readonly>0</readonly>
    <sort_order>35</sort_order>
    <source_id keyed_name="NCR" type="ItemType" name="NCR">58D74CF0E0934E33850CC3CB28361FD9</source_id>
   </Item>
   <Item type="Property" id="EB5E1466950947FEA3CD7BCE533EAE7B" action="add">
    <column_alignment>left</column_alignment>
    <column_width>80</column_width>
    <data_type>integer</data_type>
    <is_hidden>1</is_hidden>
    <is_hidden2>1</is_hidden2>
    <is_indexed>0</is_indexed>
    <is_keyed>0</is_keyed>
    <is_multi_valued>0</is_multi_valued>
    <is_required>0</is_required>
    <label>Qty Rejected</label>
    <name>qty_rejected</name>
    <range_inclusive>0</range_inclusive>
    <readonly>0</readonly>
    <sort_order>40</sort_order>
    <source_id keyed_name="NCR" type="ItemType" name="NCR">58D74CF0E0934E33850CC3CB28361FD9</source_id>
   </Item>
   <Item type="Property" id="ABC426678690426AB7930E3CE3D169BD" action="add">
    <column_alignment>left</column_alignment>
    <data_source keyed_name="Vendor" type="ItemType" name="Vendor">9F23A02D1E464F44A3A93A1EFB732B5C</data_source>
    <data_type>item</data_type>
    <is_hidden>0</is_hidden>
    <is_hidden2>0</is_hidden2>
    <is_indexed>0</is_indexed>
    <is_keyed>0</is_keyed>
    <is_multi_valued>0</is_multi_valued>
    <is_required>0</is_required>
    <item_behavior>float</item_behavior>
    <label>Supplier</label>
    <name>supplier</name>
    <range_inclusive>0</range_inclusive>
    <readonly>0</readonly>
    <sort_order>2206</sort_order>
    <source_id keyed_name="NCR" type="ItemType" name="NCR">58D74CF0E0934E33850CC3CB28361FD9</source_id>
   </Item>
   <Item type="TOC Access" id="D8C199F989FF4657A7F68D254B2BB0ED" action="add">
    <category>Quality</category>
    <related_id keyed_name="World" type="Identity">
     <Item type="Identity" action="get" select="id">
      <name>World</name>
     </Item>
    </related_id>
    <sort_order>128</sort_order>
    <source_id keyed_name="NCR" type="ItemType" name="NCR">58D74CF0E0934E33850CC3CB28361FD9</source_id>
   </Item>
   <Item type="View" id="5AC598B3251F4FA599E5BFB1A3CA0454" action="add">
    <client>js</client>
    <related_id keyed_name="NCR" type="Form">237D5C7BDDE249CFA39536BB11552141</related_id>
    <role keyed_name="World" type="Identity">
     <Item type="Identity" action="get" select="id">
      <name>World</name>
     </Item>
    </role>
    <sort_order>128</sort_order>
    <source_id keyed_name="NCR" type="ItemType" name="NCR">58D74CF0E0934E33850CC3CB28361FD9</source_id>
    <type>default</type>
   </Item>
  </Relationships>
 </Item>
 <Item type="ItemType" id="58D74CF0E0934E33850CC3CB28361FD9" action="edit">
  <Relationships>
   <Item type="Property" action="edit" where="source_id='58D74CF0E0934E33850CC3CB28361FD9' and name='owned_by_id'">
    <column_alignment>left</column_alignment>
    <column_width>100</column_width>
    <data_source keyed_name="Identity" type="ItemType" name="Identity">E582AB17663F4EF28460015B2BE9E094</data_source>
    <data_type>item</data_type>
    <is_hidden>0</is_hidden>
    <is_hidden2>0</is_hidden2>
    <is_indexed>0</is_indexed>
    <is_keyed>0</is_keyed>
    <is_multi_valued>0</is_multi_valued>
    <is_required>0</is_required>
    <item_behavior>float</item_behavior>
    <label>Responsible</label>
    <name>owned_by_id</name>
    <range_inclusive>0</range_inclusive>
    <readonly>0</readonly>
    <sort_order>9</sort_order>
    <source_id keyed_name="NCR" type="ItemType" name="NCR">58D74CF0E0934E33850CC3CB28361FD9</source_id>
   </Item>
   <Item type="Property" action="edit" where="source_id='58D74CF0E0934E33850CC3CB28361FD9' and name='state'">
    <column_alignment>left</column_alignment>
    <column_width>90</column_width>
    <data_type>string</data_type>
    <is_hidden>0</is_hidden>
    <is_hidden2>0</is_hidden2>
    <is_indexed>0</is_indexed>
    <is_keyed>0</is_keyed>
    <is_multi_valued>0</is_multi_valued>
    <is_required>0</is_required>
    <label>Status</label>
    <name>state</name>
    <range_inclusive>0</range_inclusive>
    <readonly>1</readonly>
    <sort_order>6</sort_order>
    <source_id keyed_name="NCR" type="ItemType" name="NCR">58D74CF0E0934E33850CC3CB28361FD9</source_id>
    <stored_length>32</stored_length>
   </Item>
  </Relationships>
 </Item>
</AML>