﻿<AML>
 <Item type="ItemType" id="9695F19626DB4BB49FE3144985747043" action="add">
  <allow_private_permission>1</allow_private_permission>
  <auto_search>1</auto_search>
  <default_lifecycle keyed_name="Default" type="Life Cycle Map">2F3B75E17C4E4F2D9599579A965BFA64</default_lifecycle>
  <hide_where_used>0</hide_where_used>
  <implementation_type>polymorphic</implementation_type>
  <instance_data>QUALITY_ANALYSIS</instance_data>
  <is_dependent>0</is_dependent>
  <is_relationship>0</is_relationship>
  <is_versionable>1</is_versionable>
  <label>Quality Analysis</label>
  <manual_versioning>0</manual_versioning>
  <name>Quality Analysis</name>
  <revisions keyed_name="Default" type="Revision">7FE395DD8B9F4E1090756A34B733D75E</revisions>
  <save_history>0</save_history>
  <show_parameters_tab>1</show_parameters_tab>
  <unlock_on_logout>0</unlock_on_logout>
  <use_src_access>0</use_src_access>
  <Relationships>
   <Item type="Can Add" id="27AF4F60A575442FB4D72E44685E9A18" action="add">
    <can_add>1</can_add>
    <related_id keyed_name="World" type="Identity">
     <Item type="Identity" action="get" select="id">
      <name>World</name>
     </Item>
    </related_id>
    <sort_order>128</sort_order>
    <source_id keyed_name="Quality Analysis" type="ItemType" name="Quality Analysis">9695F19626DB4BB49FE3144985747043</source_id>
   </Item>
   <Item type="Property" id="4A272EA8AB2440CFB65DB413CA39A2B7" action="add">
    <column_alignment>left</column_alignment>
    <column_width>300</column_width>
    <data_type>string</data_type>
    <is_hidden>0</is_hidden>
    <is_hidden2>0</is_hidden2>
    <is_indexed>0</is_indexed>
    <is_keyed>0</is_keyed>
    <is_multi_valued>0</is_multi_valued>
    <is_required>0</is_required>
    <label>Description</label>
    <name>description</name>
    <range_inclusive>0</range_inclusive>
    <readonly>0</readonly>
    <sort_order>8</sort_order>
    <source_id keyed_name="Quality Analysis" type="ItemType" name="Quality Analysis">9695F19626DB4BB49FE3144985747043</source_id>
    <stored_length>128</stored_length>
   </Item>
   <Item type="Property" id="C79587AE1EBE49EFB0936CCA711E0D2D" action="add">
    <column_alignment>left</column_alignment>
    <column_width>100</column_width>
    <data_type>string</data_type>
    <is_hidden>0</is_hidden>
    <is_hidden2>0</is_hidden2>
    <is_indexed>0</is_indexed>
    <is_keyed>0</is_keyed>
    <is_multi_valued>0</is_multi_valued>
    <is_required>0</is_required>
    <label>Number</label>
    <name>item_number</name>
    <range_inclusive>0</range_inclusive>
    <readonly>0</readonly>
    <sort_order>4</sort_order>
    <source_id keyed_name="Quality Analysis" type="ItemType" name="Quality Analysis">9695F19626DB4BB49FE3144985747043</source_id>
    <stored_length>64</stored_length>
   </Item>
   <Item type="Server Event" id="3C0E08AF706641E2B92C2EC95E6DA39C" action="add">
    <related_id keyed_name="polymorphic_item_onBeforeAdd" type="Method">
     <Item type="Method" action="get" select="id">
      <name>polymorphic_item_onBeforeAdd</name>
     </Item>
    </related_id>
    <server_event>onBeforeAdd</server_event>
    <sort_order>896</sort_order>
    <source_id keyed_name="Quality Analysis" type="ItemType" name="Quality Analysis">9695F19626DB4BB49FE3144985747043</source_id>
   </Item>
   <Item type="Server Event" id="351151A770DF47609B27C9F0B649C091" action="add">
    <related_id keyed_name="polymorphic_item_onBeforeCopy" type="Method">
     <Item type="Method" action="get" select="id">
      <name>polymorphic_item_onBeforeCopy</name>
     </Item>
    </related_id>
    <server_event>onBeforeCopy</server_event>
    <sort_order>1024</sort_order>
    <source_id keyed_name="Quality Analysis" type="ItemType" name="Quality Analysis">9695F19626DB4BB49FE3144985747043</source_id>
   </Item>
   <Item type="Server Event" id="A7DA2B41264A445DAA7F8016FE16231C" action="add">
    <related_id keyed_name="polymorphic_item_onBeforeDelete" type="Method">
     <Item type="Method" action="get" select="id">
      <name>polymorphic_item_onBeforeDelete</name>
     </Item>
    </related_id>
    <server_event>onBeforeDelete</server_event>
    <sort_order>256</sort_order>
    <source_id keyed_name="Quality Analysis" type="ItemType" name="Quality Analysis">9695F19626DB4BB49FE3144985747043</source_id>
   </Item>
   <Item type="Server Event" id="861A800439A042BCAC01AECED6E53414" action="add">
    <related_id keyed_name="polymorphic_item_onBeforeLock" type="Method">
     <Item type="Method" action="get" select="id">
      <name>polymorphic_item_onBeforeLock</name>
     </Item>
    </related_id>
    <server_event>onBeforeLock</server_event>
    <sort_order>384</sort_order>
    <source_id keyed_name="Quality Analysis" type="ItemType" name="Quality Analysis">9695F19626DB4BB49FE3144985747043</source_id>
   </Item>
   <Item type="Server Event" id="8A2C78E637284566811AF7D6DAF2EFEC" action="add">
    <related_id keyed_name="polymorphic_item_onBeforeUnlock" type="Method">
     <Item type="Method" action="get" select="id">
      <name>polymorphic_item_onBeforeUnlock</name>
     </Item>
    </related_id>
    <server_event>onBeforeUnlock</server_event>
    <sort_order>512</sort_order>
    <source_id keyed_name="Quality Analysis" type="ItemType" name="Quality Analysis">9695F19626DB4BB49FE3144985747043</source_id>
   </Item>
   <Item type="Server Event" id="DB0C98F04C674E5B8B578AF81E0A0660" action="add">
    <related_id keyed_name="polymorphic_item_onBeforeUpdate" type="Method">
     <Item type="Method" action="get" select="id">
      <name>polymorphic_item_onBeforeUpdate</name>
     </Item>
    </related_id>
    <server_event>onBeforeUpdate</server_event>
    <sort_order>768</sort_order>
    <source_id keyed_name="Quality Analysis" type="ItemType" name="Quality Analysis">9695F19626DB4BB49FE3144985747043</source_id>
   </Item>
   <Item type="Server Event" id="A17288B5E34B43B292B13850D246B7FA" action="add">
    <related_id keyed_name="polymorphic_item_onBeforeVersion" type="Method">
     <Item type="Method" action="get" select="id">
      <name>polymorphic_item_onBeforeVersion</name>
     </Item>
    </related_id>
    <server_event>onBeforeVersion</server_event>
    <sort_order>640</sort_order>
    <source_id keyed_name="Quality Analysis" type="ItemType" name="Quality Analysis">9695F19626DB4BB49FE3144985747043</source_id>
   </Item>
  </Relationships>
 </Item>
 <Item type="ItemType" id="9695F19626DB4BB49FE3144985747043" action="edit">
  <Relationships>
   <Item type="Property" action="edit" where="source_id='9695F19626DB4BB49FE3144985747043' and name='itemtype'">
    <column_alignment>left</column_alignment>
    <data_source keyed_name="Quality Analysis"><Item type="List" action="get" select="id" page="1" pagesize="1"><name>Quality Analysis</name></Item></data_source>
    <data_type>list</data_type>
    <is_hidden>0</is_hidden>
    <is_hidden2>0</is_hidden2>
    <is_indexed>0</is_indexed>
    <is_keyed>0</is_keyed>
    <is_multi_valued>0</is_multi_valued>
    <is_required>0</is_required>
    <label>ItemType</label>
    <name>itemtype</name>
    <range_inclusive>0</range_inclusive>
    <readonly>1</readonly>
    <sort_order>136</sort_order>
    <source_id keyed_name="Quality Analysis" type="ItemType" name="Quality Analysis">9695F19626DB4BB49FE3144985747043</source_id>
   </Item>
   <Item type="Property" action="edit" where="source_id='9695F19626DB4BB49FE3144985747043' and name='state'">
    <column_alignment>center</column_alignment>
    <column_width>100</column_width>
    <data_type>string</data_type>
    <is_hidden>1</is_hidden>
    <is_hidden2>1</is_hidden2>
    <is_indexed>0</is_indexed>
    <is_keyed>0</is_keyed>
    <is_multi_valued>0</is_multi_valued>
    <is_required>0</is_required>
    <label>Status</label>
    <name>state</name>
    <range_inclusive>0</range_inclusive>
    <readonly>1</readonly>
    <sort_order>6</sort_order>
    <source_id keyed_name="Quality Analysis" type="ItemType" name="Quality Analysis">9695F19626DB4BB49FE3144985747043</source_id>
    <stored_length>32</stored_length>
   </Item>
   <Item type="Property" action="edit" where="source_id='9695F19626DB4BB49FE3144985747043' and name='superseded_date'">
    <column_alignment>left</column_alignment>
    <data_type>date</data_type>
    <is_hidden>1</is_hidden>
    <is_hidden2>1</is_hidden2>
    <is_indexed>0</is_indexed>
    <is_keyed>0</is_keyed>
    <is_multi_valued>0</is_multi_valued>
    <is_required>0</is_required>
    <label>Superseded Date</label>
    <name>superseded_date</name>
    <pattern>MM/dd/yyyy hh:mm:ss a</pattern>
    <range_inclusive>0</range_inclusive>
    <readonly>0</readonly>
    <sort_order>3464</sort_order>
    <source_id keyed_name="Quality Analysis" type="ItemType" name="Quality Analysis">9695F19626DB4BB49FE3144985747043</source_id>
   </Item>
  </Relationships>
 </Item>
 <Item type="ItemType" id="9695F19626DB4BB49FE3144985747043" action="edit">
  <Relationships>
   <Item type="Morphae" id="87DBF1986E1D48EEBACA0F74DAC65F0C" action="add">
    <related_id keyed_name="FishBone Analysis" type="ItemType" name="ItemType">7BA1381F3C284849B4C79E12DAA74BA8</related_id>
    <sort_order>256</sort_order>
    <source_id keyed_name="Quality Analysis" type="ItemType" name="Quality Analysis">9695F19626DB4BB49FE3144985747043</source_id>
   </Item>
  </Relationships>
 </Item>
 <Item type="ItemType" id="9695F19626DB4BB49FE3144985747043" action="edit">
  <Relationships>
   <Item type="Morphae" id="5CD91E5B29BE4DDA9057A89D847B9CE7" action="add">
    <related_id keyed_name="FTA Analysis" type="ItemType" name="ItemType">F768DEE565D94BFF92BB6D498A5C990A</related_id>
    <sort_order>384</sort_order>
    <source_id keyed_name="Quality Analysis" type="ItemType" name="Quality Analysis">9695F19626DB4BB49FE3144985747043</source_id>
   </Item>
  </Relationships>
 </Item>
 <Item type="ItemType" id="9695F19626DB4BB49FE3144985747043" action="edit">
  <Relationships>
   <Item type="Morphae" id="B080600A8A544AF789F64FEA13604D9C" action="add">
    <related_id keyed_name="Five Whys" type="ItemType" name="ItemType">A48B9F14A67B422D81628B7B4823C53F</related_id>
    <sort_order>512</sort_order>
    <source_id keyed_name="Quality Analysis" type="ItemType" name="Quality Analysis">9695F19626DB4BB49FE3144985747043</source_id>
   </Item>
  </Relationships>
 </Item>

 <Item type="View" action="delete" where="source_id='9695F19626DB4BB49FE3144985747043'"></Item>
 <Item type="Form" action="delete" where="name='Quality Analysis'"></Item></AML>