﻿<AML>
 <Item type="ItemType" id="5770759BBDF74F729E68DCA32A05CF1C" action="add">
  <allow_private_permission>1</allow_private_permission>
  <auto_search>0</auto_search>
  <default_lifecycle keyed_name="Default" type="Life Cycle Map">2F3B75E17C4E4F2D9599579A965BFA64</default_lifecycle>
  <hide_where_used>0</hide_where_used>
  <implementation_type>polymorphic</implementation_type>
  <instance_data>QUALITY_CORRECTIVE_ACTION</instance_data>
  <is_dependent>0</is_dependent>
  <is_relationship>0</is_relationship>
  <is_versionable>1</is_versionable>
  <label>Corrective Actions</label>
  <manual_versioning>0</manual_versioning>
  <name>Quality Corrective Action</name>
  <revisions keyed_name="Default" type="Revision">7FE395DD8B9F4E1090756A34B733D75E</revisions>
  <save_history>0</save_history>
  <show_parameters_tab>1</show_parameters_tab>
  <unlock_on_logout>0</unlock_on_logout>
  <use_src_access>0</use_src_access>
  <Relationships>
   <Item type="Can Add" id="8442D04BEAF8459287ADDC7FD87C5595" action="add">
    <can_add>1</can_add>
    <related_id keyed_name="World" type="Identity">
     <Item type="Identity" action="get" select="id">
      <name>World</name>
     </Item>
    </related_id>
    <sort_order>128</sort_order>
    <source_id keyed_name="Quality Corrective Action" type="ItemType" name="Quality Corrective Action">5770759BBDF74F729E68DCA32A05CF1C</source_id>
   </Item>
   <Item type="Property" id="6F4724B13BBE4E088BEE1BBF68594F0A" action="add">
    <column_alignment>left</column_alignment>
    <column_width>500</column_width>
    <data_type>string</data_type>
    <is_hidden>0</is_hidden>
    <is_hidden2>0</is_hidden2>
    <is_indexed>0</is_indexed>
    <is_keyed>0</is_keyed>
    <is_multi_valued>0</is_multi_valued>
    <is_required>0</is_required>
    <label>Description</label>
    <name>description</name>
    <range_inclusive>0</range_inclusive>
    <readonly>0</readonly>
    <sort_order>6</sort_order>
    <source_id keyed_name="Quality Corrective Action" type="ItemType" name="Quality Corrective Action">5770759BBDF74F729E68DCA32A05CF1C</source_id>
    <stored_length>128</stored_length>
   </Item>
   <Item type="Property" id="A21DA61423304D9595C7657E0A2F2B3A" action="add">
    <column_alignment>left</column_alignment>
    <column_width>100</column_width>
    <data_type>string</data_type>
    <is_hidden>0</is_hidden>
    <is_hidden2>0</is_hidden2>
    <is_indexed>0</is_indexed>
    <is_keyed>0</is_keyed>
    <is_multi_valued>0</is_multi_valued>
    <is_required>0</is_required>
    <label>Number</label>
    <name>item_number</name>
    <range_inclusive>0</range_inclusive>
    <readonly>0</readonly>
    <sort_order>2</sort_order>
    <source_id keyed_name="Quality Corrective Action" type="ItemType" name="Quality Corrective Action">5770759BBDF74F729E68DCA32A05CF1C</source_id>
    <stored_length>32</stored_length>
   </Item>
   <Item type="Server Event" id="7CEFE3545BA34E0A8C09D8038757C71D" action="add">
    <related_id keyed_name="polymorphic_item_onBeforeAdd" type="Method">
     <Item type="Method" action="get" select="id">
      <name>polymorphic_item_onBeforeAdd</name>
     </Item>
    </related_id>
    <server_event>onBeforeAdd</server_event>
    <sort_order>896</sort_order>
    <source_id keyed_name="Quality Corrective Action" type="ItemType" name="Quality Corrective Action">5770759BBDF74F729E68DCA32A05CF1C</source_id>
   </Item>
   <Item type="Server Event" id="4D3804AB475D474A8D36E79402895599" action="add">
    <related_id keyed_name="polymorphic_item_onBeforeCopy" type="Method">
     <Item type="Method" action="get" select="id">
      <name>polymorphic_item_onBeforeCopy</name>
     </Item>
    </related_id>
    <server_event>onBeforeCopy</server_event>
    <sort_order>1024</sort_order>
    <source_id keyed_name="Quality Corrective Action" type="ItemType" name="Quality Corrective Action">5770759BBDF74F729E68DCA32A05CF1C</source_id>
   </Item>
   <Item type="Server Event" id="C90DA86290DA42509CDCFBEEAE465945" action="add">
    <related_id keyed_name="polymorphic_item_onBeforeDelete" type="Method">
     <Item type="Method" action="get" select="id">
      <name>polymorphic_item_onBeforeDelete</name>
     </Item>
    </related_id>
    <server_event>onBeforeDelete</server_event>
    <sort_order>256</sort_order>
    <source_id keyed_name="Quality Corrective Action" type="ItemType" name="Quality Corrective Action">5770759BBDF74F729E68DCA32A05CF1C</source_id>
   </Item>
   <Item type="Server Event" id="1AF877A48AC54AF68D6493715D6068C8" action="add">
    <related_id keyed_name="polymorphic_item_onBeforeLock" type="Method">
     <Item type="Method" action="get" select="id">
      <name>polymorphic_item_onBeforeLock</name>
     </Item>
    </related_id>
    <server_event>onBeforeLock</server_event>
    <sort_order>384</sort_order>
    <source_id keyed_name="Quality Corrective Action" type="ItemType" name="Quality Corrective Action">5770759BBDF74F729E68DCA32A05CF1C</source_id>
   </Item>
   <Item type="Server Event" id="6DA2137C4E4D4705B595F83800297696" action="add">
    <related_id keyed_name="polymorphic_item_onBeforeUnlock" type="Method">
     <Item type="Method" action="get" select="id">
      <name>polymorphic_item_onBeforeUnlock</name>
     </Item>
    </related_id>
    <server_event>onBeforeUnlock</server_event>
    <sort_order>512</sort_order>
    <source_id keyed_name="Quality Corrective Action" type="ItemType" name="Quality Corrective Action">5770759BBDF74F729E68DCA32A05CF1C</source_id>
   </Item>
   <Item type="Server Event" id="167E133275ED45B1AD12E8E73195AD3F" action="add">
    <related_id keyed_name="polymorphic_item_onBeforeUpdate" type="Method">
     <Item type="Method" action="get" select="id">
      <name>polymorphic_item_onBeforeUpdate</name>
     </Item>
    </related_id>
    <server_event>onBeforeUpdate</server_event>
    <sort_order>768</sort_order>
    <source_id keyed_name="Quality Corrective Action" type="ItemType" name="Quality Corrective Action">5770759BBDF74F729E68DCA32A05CF1C</source_id>
   </Item>
   <Item type="Server Event" id="ECB46DF2D94E41BAB19F8480130E192E" action="add">
    <related_id keyed_name="polymorphic_item_onBeforeVersion" type="Method">
     <Item type="Method" action="get" select="id">
      <name>polymorphic_item_onBeforeVersion</name>
     </Item>
    </related_id>
    <server_event>onBeforeVersion</server_event>
    <sort_order>640</sort_order>
    <source_id keyed_name="Quality Corrective Action" type="ItemType" name="Quality Corrective Action">5770759BBDF74F729E68DCA32A05CF1C</source_id>
   </Item>
  </Relationships>
 </Item>
 <Item type="ItemType" id="5770759BBDF74F729E68DCA32A05CF1C" action="edit">
  <Relationships>
   <Item type="Property" action="edit" where="source_id='5770759BBDF74F729E68DCA32A05CF1C' and name='itemtype'">
    <column_alignment>left</column_alignment>
    <data_source keyed_name="Quality Corrective Action"><Item type="List" action="get" select="id" page="1" pagesize="1"><name>Quality Corrective Action</name></Item></data_source>
    <data_type>list</data_type>
    <is_hidden>0</is_hidden>
    <is_hidden2>0</is_hidden2>
    <is_indexed>0</is_indexed>
    <is_keyed>0</is_keyed>
    <is_multi_valued>0</is_multi_valued>
    <is_required>0</is_required>
    <label>ItemType</label>
    <name>itemtype</name>
    <range_inclusive>0</range_inclusive>
    <readonly>1</readonly>
    <sort_order>134</sort_order>
    <source_id keyed_name="Quality Corrective Action" type="ItemType" name="Quality Corrective Action">5770759BBDF74F729E68DCA32A05CF1C</source_id>
   </Item>
   <Item type="Property" action="edit" where="source_id='5770759BBDF74F729E68DCA32A05CF1C' and name='state'">
    <column_alignment>center</column_alignment>
    <column_width>100</column_width>
    <data_type>string</data_type>
    <is_hidden>0</is_hidden>
    <is_hidden2>0</is_hidden2>
    <is_indexed>0</is_indexed>
    <is_keyed>0</is_keyed>
    <is_multi_valued>0</is_multi_valued>
    <is_required>0</is_required>
    <label>Status</label>
    <name>state</name>
    <range_inclusive>0</range_inclusive>
    <readonly>1</readonly>
    <sort_order>4</sort_order>
    <source_id keyed_name="Quality Corrective Action" type="ItemType" name="Quality Corrective Action">5770759BBDF74F729E68DCA32A05CF1C</source_id>
    <stored_length>32</stored_length>
   </Item>
   <Item type="Property" action="edit" where="source_id='5770759BBDF74F729E68DCA32A05CF1C' and name='superseded_date'">
    <column_alignment>left</column_alignment>
    <data_type>date</data_type>
    <is_hidden>1</is_hidden>
    <is_hidden2>1</is_hidden2>
    <is_indexed>0</is_indexed>
    <is_keyed>0</is_keyed>
    <is_multi_valued>0</is_multi_valued>
    <is_required>0</is_required>
    <label>Superseded Date</label>
    <name>superseded_date</name>
    <pattern>MM/dd/yyyy hh:mm:ss a</pattern>
    <range_inclusive>0</range_inclusive>
    <readonly>0</readonly>
    <sort_order>3462</sort_order>
    <source_id keyed_name="Quality Corrective Action" type="ItemType" name="Quality Corrective Action">5770759BBDF74F729E68DCA32A05CF1C</source_id>
   </Item>
  </Relationships>
 </Item>
 <Item type="ItemType" id="5770759BBDF74F729E68DCA32A05CF1C" action="edit">
  <Relationships>
   <Item type="Morphae" id="B04563D941374B818F97E064F2F4499D" action="add">
    <related_id keyed_name="Waiver" type="ItemType" name="ItemType">A8D91D16987C4C818784E88AF8C277AA</related_id>
    <sort_order>128</sort_order>
    <source_id keyed_name="Quality Corrective Action" type="ItemType" name="Quality Corrective Action">5770759BBDF74F729E68DCA32A05CF1C</source_id>
   </Item>
  </Relationships>
 </Item>
 <Item type="ItemType" id="5770759BBDF74F729E68DCA32A05CF1C" action="edit">
  <Relationships>
   <Item type="Morphae" id="3250B55081E1442E9477DC708C9AD839" action="add">
    <related_id keyed_name="Deviation" type="ItemType" name="ItemType">A4786F0037D44E7AB7C3BA1E6455783D</related_id>
    <sort_order>256</sort_order>
    <source_id keyed_name="Quality Corrective Action" type="ItemType" name="Quality Corrective Action">5770759BBDF74F729E68DCA32A05CF1C</source_id>
   </Item>
  </Relationships>
 </Item>
 <Item type="ItemType" id="5770759BBDF74F729E68DCA32A05CF1C" action="edit">
  <Relationships>
   <Item type="Morphae" id="2C2836C4368B4207A15B9D921D43FAB0" action="add">
    <related_id keyed_name="Rework WO" type="ItemType" name="ItemType">CC7DF616067A42768A9A77E603596160</related_id>
    <sort_order>384</sort_order>
    <source_id keyed_name="Quality Corrective Action" type="ItemType" name="Quality Corrective Action">5770759BBDF74F729E68DCA32A05CF1C</source_id>
   </Item>
  </Relationships>
 </Item>

 <Item type="View" action="delete" where="source_id='5770759BBDF74F729E68DCA32A05CF1C'"></Item>
 <Item type="Form" action="delete" where="name='Quality Corrective Action'"></Item></AML>