﻿<AML>
 <Item type="ItemType" id="A8D91D16987C4C818784E88AF8C277AA" action="add">
  <allow_private_permission>0</allow_private_permission>
  <auto_search>1</auto_search>
  <default_lifecycle keyed_name="QS Waiver - Deviation" type="Life Cycle Map">3CAEFD302B534E9BB70F08F478BFAF63</default_lifecycle>
  <hide_where_used>0</hide_where_used>
  <implementation_type>table</implementation_type>
  <instance_data>WAIVER</instance_data>
  <is_dependent>0</is_dependent>
  <is_relationship>0</is_relationship>
  <is_versionable>0</is_versionable>
  <label>Waiver</label>
  <large_icon>../images/Icons/32x32/32x32_files.gif</large_icon>
  <manual_versioning>0</manual_versioning>
  <name>Waiver</name>
  <open_icon>../images/Icons/16x16/16x16_forms.gif</open_icon>
  <revisions keyed_name="Default" type="Revision">7FE395DD8B9F4E1090756A34B733D75E</revisions>
  <save_history>0</save_history>
  <show_parameters_tab>1</show_parameters_tab>
  <unlock_on_logout>0</unlock_on_logout>
  <use_src_access>0</use_src_access>
  <Relationships>
   <Item type="Allowed Permission" id="929A4F3BB5B04BFFB2CACBE270B6CA09" action="add">
    <is_default>1</is_default>
    <related_id keyed_name="Devation - Waiver" type="Permission">1531FCB0A2CE47998D1C03FC7D42055A</related_id>
    <sort_order>128</sort_order>
    <source_id keyed_name="Waiver" type="ItemType" name="Waiver">A8D91D16987C4C818784E88AF8C277AA</source_id>
   </Item>
   <Item type="Can Add" id="39251B6E790945FBA88C5EDB20BD4FAC" action="add">
    <can_add>1</can_add>
    <related_id keyed_name="World" type="Identity">
     <Item type="Identity" action="get" select="id">
      <name>World</name>
     </Item>
    </related_id>
    <sort_order>128</sort_order>
    <source_id keyed_name="Waiver" type="ItemType" name="Waiver">A8D91D16987C4C818784E88AF8C277AA</source_id>
   </Item>
   <Item type="Property" id="6E4A882BBE494464BBA7061AABAD95C7" action="add">
    <column_alignment>left</column_alignment>
    <column_width>150</column_width>
    <data_source keyed_name="Corporate Plants - not filter">B0AD8FBF9E86489788A0B3ABAA2CC027</data_source>
    <data_type>list</data_type>
    <is_hidden>0</is_hidden>
    <is_hidden2>0</is_hidden2>
    <is_indexed>0</is_indexed>
    <is_keyed>0</is_keyed>
    <is_multi_valued>0</is_multi_valued>
    <is_required>0</is_required>
    <label>Location</label>
    <name>corp_plant</name>
    <range_inclusive>0</range_inclusive>
    <readonly>0</readonly>
    <sort_order>30</sort_order>
    <source_id keyed_name="Waiver" type="ItemType" name="Waiver">A8D91D16987C4C818784E88AF8C277AA</source_id>
   </Item>
   <Item type="Property" id="10B6ED8498B84E8FBF41FC4E24C1231A" action="add">
    <column_alignment>center</column_alignment>
    <column_width>100</column_width>
    <data_type>date</data_type>
    <is_hidden>0</is_hidden>
    <is_hidden2>0</is_hidden2>
    <is_indexed>0</is_indexed>
    <is_keyed>0</is_keyed>
    <is_multi_valued>0</is_multi_valued>
    <is_required>0</is_required>
    <label>From</label>
    <name>date_from</name>
    <pattern>MM/dd/yyyy</pattern>
    <range_inclusive>0</range_inclusive>
    <readonly>0</readonly>
    <sort_order>32</sort_order>
    <source_id keyed_name="Waiver" type="ItemType" name="Waiver">A8D91D16987C4C818784E88AF8C277AA</source_id>
   </Item>
   <Item type="Property" id="BE89A78BB79E41CCBD0D596A2FA5B46D" action="add">
    <column_alignment>center</column_alignment>
    <column_width>100</column_width>
    <data_type>date</data_type>
    <is_hidden>0</is_hidden>
    <is_hidden2>0</is_hidden2>
    <is_indexed>0</is_indexed>
    <is_keyed>0</is_keyed>
    <is_multi_valued>0</is_multi_valued>
    <is_required>0</is_required>
    <label>To</label>
    <name>date_to</name>
    <pattern>MM/dd/yyyy</pattern>
    <range_inclusive>0</range_inclusive>
    <readonly>0</readonly>
    <sort_order>33</sort_order>
    <source_id keyed_name="Waiver" type="ItemType" name="Waiver">A8D91D16987C4C818784E88AF8C277AA</source_id>
   </Item>
   <Item type="Property" id="F2B5448738594DFEAE2CB448F7EB4D9F" action="add">
    <column_alignment>left</column_alignment>
    <column_width>300</column_width>
    <data_type>string</data_type>
    <is_hidden>1</is_hidden>
    <is_hidden2>1</is_hidden2>
    <is_indexed>0</is_indexed>
    <is_keyed>0</is_keyed>
    <is_multi_valued>0</is_multi_valued>
    <is_required>0</is_required>
    <label>Waiver</label>
    <name>description</name>
    <range_inclusive>0</range_inclusive>
    <readonly>0</readonly>
    <sort_order>40</sort_order>
    <source_id keyed_name="Waiver" type="ItemType" name="Waiver">A8D91D16987C4C818784E88AF8C277AA</source_id>
    <stored_length>400</stored_length>
   </Item>
   <Item type="Property" id="79E13828FF6544AEAE592E4675AD02F9" action="add">
    <column_alignment>left</column_alignment>
    <column_width>90</column_width>
    <data_source keyed_name="QS Waiver">DAB75E175BA3435DB6A8FEEB4E817EA1</data_source>
    <data_type>sequence</data_type>
    <is_hidden>0</is_hidden>
    <is_hidden2>0</is_hidden2>
    <is_indexed>0</is_indexed>
    <is_keyed>0</is_keyed>
    <is_multi_valued>0</is_multi_valued>
    <is_required>0</is_required>
    <keyed_name_order>1</keyed_name_order>
    <label>Waiver ID</label>
    <name>item_number</name>
    <order_by>1</order_by>
    <range_inclusive>0</range_inclusive>
    <readonly>0</readonly>
    <sort_order>1</sort_order>
    <source_id keyed_name="Waiver" type="ItemType" name="Waiver">A8D91D16987C4C818784E88AF8C277AA</source_id>
   </Item>
   <Item type="Property" id="2E8E6B5A4ADE4937B26B388FA274288D" action="add">
    <column_alignment>left</column_alignment>
    <column_width>100</column_width>
    <data_source keyed_name="Part" type="ItemType" name="Part">4F1AC04A2B484F3ABA4E20DB63808A88</data_source>
    <data_type>item</data_type>
    <is_hidden>0</is_hidden>
    <is_hidden2>0</is_hidden2>
    <is_indexed>0</is_indexed>
    <is_keyed>0</is_keyed>
    <is_multi_valued>0</is_multi_valued>
    <is_required>0</is_required>
    <item_behavior>float</item_behavior>
    <label>Part</label>
    <name>part</name>
    <range_inclusive>0</range_inclusive>
    <readonly>0</readonly>
    <sort_order>10</sort_order>
    <source_id keyed_name="Waiver" type="ItemType" name="Waiver">A8D91D16987C4C818784E88AF8C277AA</source_id>
   </Item>
   <Item type="TOC Access" id="0F09F11D85F34909BDD944613F5A8426" action="add">
    <category>Quality</category>
    <related_id keyed_name="World" type="Identity">
     <Item type="Identity" action="get" select="id">
      <name>World</name>
     </Item>
    </related_id>
    <sort_order>128</sort_order>
    <source_id keyed_name="Waiver" type="ItemType" name="Waiver">A8D91D16987C4C818784E88AF8C277AA</source_id>
   </Item>
   <Item type="View" id="7C747A157CBF4C28AED9A7198BA4498C" action="add">
    <client>js</client>
    <related_id keyed_name="Waiver" type="Form">C07AC0F439A54891829F0BFD87FC74A6</related_id>
    <role keyed_name="World" type="Identity">
     <Item type="Identity" action="get" select="id">
      <name>World</name>
     </Item>
    </role>
    <sort_order>128</sort_order>
    <source_id keyed_name="Waiver" type="ItemType" name="Waiver">A8D91D16987C4C818784E88AF8C277AA</source_id>
    <type>default</type>
   </Item>
  </Relationships>
 </Item>
 <Item type="ItemType" id="A8D91D16987C4C818784E88AF8C277AA" action="edit">
  <Relationships>
   <Item type="Property" action="edit" where="source_id='A8D91D16987C4C818784E88AF8C277AA' and name='owned_by_id'">
    <column_alignment>left</column_alignment>
    <column_width>100</column_width>
    <data_source keyed_name="Identity" type="ItemType" name="Identity">E582AB17663F4EF28460015B2BE9E094</data_source>
    <data_type>item</data_type>
    <is_hidden>0</is_hidden>
    <is_hidden2>0</is_hidden2>
    <is_indexed>0</is_indexed>
    <is_keyed>0</is_keyed>
    <is_multi_valued>0</is_multi_valued>
    <is_required>0</is_required>
    <item_behavior>float</item_behavior>
    <label>Responsible</label>
    <name>owned_by_id</name>
    <range_inclusive>0</range_inclusive>
    <readonly>0</readonly>
    <sort_order>4</sort_order>
    <source_id keyed_name="Waiver" type="ItemType" name="Waiver">A8D91D16987C4C818784E88AF8C277AA</source_id>
   </Item>
   <Item type="Property" action="edit" where="source_id='A8D91D16987C4C818784E88AF8C277AA' and name='state'">
    <column_alignment>center</column_alignment>
    <column_width>100</column_width>
    <data_type>string</data_type>
    <is_hidden>0</is_hidden>
    <is_hidden2>0</is_hidden2>
    <is_indexed>0</is_indexed>
    <is_keyed>0</is_keyed>
    <is_multi_valued>0</is_multi_valued>
    <is_required>0</is_required>
    <label>Status</label>
    <name>state</name>
    <range_inclusive>0</range_inclusive>
    <readonly>1</readonly>
    <sort_order>2</sort_order>
    <source_id keyed_name="Waiver" type="ItemType" name="Waiver">A8D91D16987C4C818784E88AF8C277AA</source_id>
    <stored_length>32</stored_length>
   </Item>
  </Relationships>
 </Item>
</AML>