﻿<?xml version="1.0" encoding="utf-8"?>
<toolbarapplet on_load="onToolbarAppletLoad" on_click="onButtonClick" buttonstyle="windows" buttonsize="26,24" top_border="0" bottom_border="1">
	<toolbar id="main">
		<button image="icons/20x20save.gif" id="save" tooltip="Save Selected Item" statusmsg="Save Selected Item"/>
		<button image="icons/20x20view.gif" id="view" tooltip="View Selected Item" statusmsg="View Selected Item"/>
		<button image="icons/20x20refresh.gif" id="refresh" tooltip="Refresh the Table" statusmsg="Refresh the Table"/>
		<button image="icons/20x20saveAll.gif" id="save_all" tooltip="Save All Items" statusmsg="Save All Items"/>
		<separator/>
		<button image="icons/20x20rollback.gif" id="return" tooltip="Return to Innovator" statusmsg="Return"/>
		<button image="icons/20x20exit.gif" id="close" tooltip="Close" statusmsg="Close"/>
	</toolbar>
</toolbarapplet>
