﻿<?xml version="1.0" encoding="utf-8"?>
<toolbarapplet on_click="onTbItemClick" buttonstyle="windows" buttonsize="26,22" top_border="1" bottom_border="1">
	<toolbar id="tn1">
		<button image="../images/icons/16x16/16x16_graphic.gif" id="insert_image" tooltip="Insert Image" statusmsg="Insert Image">Insert Image</button>
		<separator/>
		<button image="../images/icons/20x20/20x20_checkmark.gif" id="ready_btn" tooltip="OK" statusmsg="OK"/>
		<button image="../images/icons/16x16/16x16_redx.gif" id="set_nothing" tooltip="Clear Selection" statusmsg="Clear Selection"/>
		<button image="../images/icons/20x20/20x20_exit_door.gif" id="exit" tooltip="Exit" statusmsg="Exit"/>
	</toolbar>
</toolbarapplet>
