﻿<?xml version="1.0" encoding="UTF-8"?>
<menuapplet on_load="onItemMenuLoad" on_select="onClickItem" on_check="onCheckMenu" show="item_menubar">
	<menubar id="item_menubar">
    <menu id="file_menu" name="Datei">
      <item id="print" name="Druckansicht" />
			<separator/>
      <item id="exit" name="Beenden" />
		</menu>
    <menu id="view_menu" name="Ansicht">
      <item id="clearAll" name="Auswahl wegnehmen" />
      <item id="view_selections" name="Auswahl Anzeigen" />
      <item id="expandAll" name="Aufklappen und Befüllen" />
			<separator/>
      <item id="view_item" name="Objekt Anzeigen" />
		</menu>
    <menu id="edit_menu" name="Bearbeiten">
      <item id="undo" name="Rückgängig" />
			<separator/>
      <item id="cut" name="Ausschneiden" />
      <item id="copy" name="Kopieren" />
      <item id="paste" name="gleiche Ebene Kopieren" />
      <item id="paste_below" name="nächste Ebene Kopieren" />
			<separator/>
      <item id="insert" name="gleiche Ebene Einfügen" />
      <item id="insert_below" name="nächste Ebene Einfügen" />
		</menu>
    <menu id="relationships_menu" name="Beziehungen">
      <item id="search_relationship" name="Beziehungen Suchen" />
      <item id="create_relationship" name="Beziehung Erstellen" />
		</menu>
    <menu id="help_menu" name="Hilfe">
      <item id="help_contents" name="Inhalt" />
      <item id="help_about" name="Über Innovator..." />
		</menu>
	</menubar>
</menuapplet>
