﻿<?xml version="1.0" encoding="utf-8"?>
<toolbarapplet on_load="onToolbarAppletLoad" on_click="OnToolbarItemClick" buttonstyle="windows" buttonsize="26,25">
  <toolbar id="main_toolbar">
		<button image="icons/20x20new.gif" id="new" tooltip="Neues Objekt erstellen" statusmsg="Neues Objekt erstellen" disabled="true">New</button>
		<button image="icons/20x20view.gif" id="view" tooltip="Objekt Anzeigen" statusmsg="Objekt Anzeigen" disabled="true">View</button>
		<button image="icons/20x20edit.gif" id="edit" tooltip="Objekt Bearbeiten" statusmsg="Objekt Bearbeiten" disabled="true">Edit</button>
		<button image="icons/20x20save.gif" id="save" tooltip="Objekt Speichern" statusmsg="Objekt Speichern" disabled="true">Save</button>
		<button image="icons/20x20saveas.gif" id="saveAs" tooltip="Objekt Kopieren und Speichern" statusmsg="Objekt Kopieren und Speichern" disabled="true">Save As</button>
		<button image="icons/20x20delete.gif" id="delete" tooltip="Objekt Löschen" statusmsg="Objekt Löschen" disabled="true">Delete</button>
    <separator/>
		<button image="icons/20x20copy.gif" id="copy" tooltip="Objekt Kopieren" statusmsg="Objekt Kopieren" disabled="true">Copy</button>
		<button text="Printable View" id="print" image="icons/20x20print.gif" tooltip="Druckansicht" statusmsg="Druckansicht" disabled="true"/>
    <separator/>
		<button image="icons/16x16_icon_msExcel.gif" id="export2Excel" tooltip="Export nach Excel" statusmsg="Export nach Excel" disabled="true">Export To Excel</button>
		<button image="icons/16x16_icon_msWord.gif" id="export2Word" tooltip="Export nach Word" statusmsg="Export nach Word" disabled="true">Export To Word</button>
    <separator/>
		<button image="icons/20x20lock.gif" id="lock" tooltip="Objekt Sperren" statusmsg="Objekt Sperren" disabled="true">Lock</button>
		<button image="icons/20x20unlock.gif" id="unlock" tooltip="Sperre aufheben" statusmsg="Sperre aufheben" disabled="true">Unlock</button>
		<button image="icons/20x20rollback.gif" id="undo" tooltip="Rückgängig - Änderungen am Objekt" statusmsg="Rückgängig - Änderungen am Objekt" disabled="true">Undo</button>
    <separator/>
		<button image="../images/Icons/16x16/16x16_fileCopy.gif" id="get_files" tooltip="Dateikopie holen" statusmsg="Dateikopie holen" disabled="true">Copy files</button>
		<button image="../images/Icons/16x16/16x16_checkout.gif" id="checkout" tooltip="Datei Check-Out" statusmsg="Datei Check-Out" disabled="true">Check out</button>
		<button image="../images/Icons/16x16/16x16_checkin.gif" id="checkin" tooltip="Datei Check-In" statusmsg="Datei Check-In" disabled="true">Check in</button>
    <separator/>
		<button image="icons/20x20promote.gif" id="promote" tooltip="nächster Objekt-Status" statusmsg="nächster Objekt-Status" disabled="true">Promote</button>
		<button image="icons/20x20revision.gif" id="revisions" tooltip="Objekt-Revisionen Anzeigen" statusmsg="Objekt-Revisionen Anzeigen" disabled="true">All Revs</button>
    <separator/>
		<button image="icons/no_tabs.gif" id="no_tabs" tooltip="Reiter in Reiteransicht Ausblenden" statusmsg="Reiter in Reiteransicht Ausblenden" state="0" disabled="true">- Tabs</button>
    <!--<button image="icons/16x16_tearoff.gif" id="tear_off" tooltip="Tear Off" statusmsg="Tear Off View" state="1">Tear Off  </button>-->
    <separator/>
		<button image="../images/icons/16x16/16x16_properties.gif" id="show_properties" tooltip="Eigenschaften Anzeigen" statusmsg="Eigenschaften Anzeigen" state="1">+ Properties</button>
		<button text="+ Main Tree" id="ShowMainTree" image="icons/20x20hidetoc.gif" tooltip="Navigationsbaum Anzeigen" statusmsg="Navigationsbaum Anzeigen" state="1"/>
    <separator/>
		<button text="Help" id="help_context" image="icons/16x16_help.gif" tooltip="Hilfe" statusmsg="Hilfe"/>
    <separator/>
		<button text=" Logout" id="Logout" image="icons/20x20logout.gif" tooltip="Abmelden" statusmsg="Abmelden"/>
  </toolbar>
  <toolbar id="inbasket_toolbar">
    <button image="icons/16x16_icon_msExcel.gif" id="export2Excel" tooltip="Export nach Excel" text="Export nach Excel" />
    <button image="icons/16x16_icon_msWord.gif" id="export2Word" tooltip="Export nach Word" text="Export nach Word" />
    <separator/>
    <button image="icons/20x20lock.gif" text="Beanspruchen" id="ClaimActivity" tooltip="Altivität Beanspruchen" disabled="true" />
    <button image="icons/20x20Unlock.gif" text="Entsperren" id="UnclaimActivity" tooltip="Aktivität - Anspruch aufheben" disabled="true" />
    <separator/>
    <button image="icons/20x20view.gif" text="Objekt Öffnen" id="ViewAttached" tooltip="Angehängtes Objekt Öffnen" disabled="true" />
    <button image="icons/16x16_openItem.gif" text="Edit Item" id="EditAttached" tooltip="Edit the Attached Item" disabled="true" />
    <button image="icons/16x16_viewWorkflow.gif" text="Workflow Anzeigen" id="ViewProcess" tooltip="Workflow-Prozess Anzeigen" disabled="true" />
    <separator/>
    <button image="icons/16x16_updateActivity.gif" text="Aktivität Aktualisieren" id="Vote" tooltip="diese Aktivität Aktualisieren" disabled="true" />
    <separator/>
    <button image="icons/20x20print.gif" text="Druckansicht" id="Print" tooltip="Druckansicht" />
    <separator/>
    <button image="icons/20x20hidetoc.gif" text="+ Navigationsbaum" id="ShowMainTree" tooltip="Navigationsbaum Anzeigen" />
    <separator/>
    <button image="icons/20x20logout.gif" text="Abmelden" id="Logout" tooltip="Abmelden" />
  </toolbar>
</toolbarapplet>
