﻿<?xml version="1.0" encoding="utf-8"?>
<toolbarapplet on_click="onClickItem" on_load="onToolbarLoad" on_menu_show="onToolbarMenuShow" on_menu_click="onToolbarMenuClickItem" buttonstyle="windows" buttonsize="26,25">
  <toolbar id="item">
    <button image="icons/20x20print.gif" id="print_item" tooltip="Print Item" text="Print"/>
    <button image="icons/20x20printpreview.gif" id="print_preview" tooltip="Print Preview..." text="Print Preview..."/>
    <button image="icons/no_tabs.gif" id="no_tabs" tooltip="Hide relationships" text="Hide Relationships" state="0" disabled="true"/>
    <button image="../images/icons/20x20/20x20_exit_door.gif" id="close" tooltip="Close this window" statusmsg="Close"/>
  </toolbar>
  <toolbar id="itemsGrid">
    <button image="icons/20x20print.gif" id="print_itemsGrid" tooltip="Print Table" text="Print" />>
    <button image="icons/20x20printpreview.gif" id="print_preview" tooltip="Print Preview..." text="Print Preview..."/>
    <separator/>
    <button image="icons/16x16_component.gif" id="setup_itemsGrid" tooltip="Setup Options" text="Options" />
    <separator/>
    <button image="../images/icons/20x20/20x20_exit_door.gif" id="close" tooltip="Close this window" text="Close"/>
  </toolbar>
</toolbarapplet>
