﻿<?xml version="1.0" encoding="UTF-8"?>
<xml>
    <item index="1" id="status" type="both" value="Ready">
      <font family="Dialog" size="8" bold="1" italic="0"/>
    </item>
    <item index="2" id="user" width="10%" type="both" value="{USER}">
      <font family="Dialog" size="8" bold="0" italic="0"/>
      <url>../images/icons/16x16/16x16_user.gif</url>
    </item>
    <item index="3" id="server" width="13%" type="both" value="{HOST}">
      <font family="Dialog" size="8" bold="0" italic="0"/>
      <url>../images/icons/16x16/16x16_computer.gif</url>
    </item>
    <item index="4" id="database" width="8%" type="both" value="{DATABASE}">
      <url>../images/icons/16x16/16x16_database.gif</url>
    </item>
    <item index="5" id="page_status" width="23%" type="both">
    </item>
    <item index="6" id="branding" width="12%" type="both">
      <url>../images/logos/branding.gif</url>
    </item>
</xml>