﻿<?xml version="1.0" encoding="utf-8"?>
<toolbarapplet buttonsize      = "26,25">
  <toolbar id="swtoolbar">
    <button text="Expand All" id="expand_all" image="icons/20x20expandpopnode.gif" tooltip="Expand All" />
    <button text="Collapse All" id="collapse_all" image="icons/20x20collandpopnode.gif" tooltip="Collapse All" />
    <separator/>
    <button text="Side-by-Side with other Version" id="side_to_other_version" image="icons/20x20revision.gif" tooltip="Side-by-Side with other Version" />
    <button text="Side-by-Side with other XXX" id="side_to_other_itemType" image="icons/20x20view.gif" tooltip="Side-by-Side with other XXX" />
    <separator/>
    <button text="Highlight" id="highlight" image="icons/16x16_bom_redlineview.gif" tooltip="Highlight" disabled="true"/>
    <separator/>
    <button state="0" image="icons/layout0.gif" id="ly0" />
    <button state="0" image="icons/layout1.gif" id="ly1" />
    <button state="0" image="icons/layout2.gif" id="ly2" />
    <button state="0" image="icons/layout3.gif" id="ly3" />
    <button state="0" image="icons/layout4.gif" id="ly4" />
    <button state="0" image="icons/layout5.gif" id="ly5" />
    <button state="0" image="icons/layout6.gif" id="ly6" />
    <button state="0" image="icons/layout7.gif" id="ly7" />
    <button state="0" image="icons/layout8.gif" id="ly8" />
    <button state="0" image="icons/layout9.gif" id="ly9" />
    <button state="0" image="icons/layout10.gif" id="ly10" />
    <button state="0" image="icons/layout11.gif" id="ly11" />
    <separator/>
    <button text="Exit" id="exit" image="icons/20x20exit.gif" tooltip="Exit" />
  </toolbar>
</toolbarapplet>
