﻿<?xml version="1.0" encoding="utf-8"?>
<!-- edited with XMLSpy v2006 sp1 U (http://www.altova.com) by Administrator (EMBRACE) -->
<toolbarapplet on_load="onToolbarLoad" on_click="OnToolbarItemClick" buttonstyle="windows" buttonsize="26,25" font="Arial-8" top_border="1" xbottom_border="1">
	<toolbar id="normal">
		<button image="icons/20x20new.gif" id="new" tooltip="Create a New Item" statusmsg="Create a New Item" disabled="true">New  </button>
		<button image="icons/20x20view.gif" id="view" tooltip="View Item" statusmsg="View Item" disabled="true">View </button>
		<button image="icons/20x20edit.gif" id="edit" tooltip="Edit Item" statusmsg="Edit Item" disabled="true">Edit  </button>
		<button image="icons/20x20save.gif" id="save" tooltip="Save Item" statusmsg="Save Item" disabled="true">Save  </button>
		<button image="icons/20x20delete.gif" id="delete" tooltip="Delete Item" statusmsg="Delete Item" disabled="true">Delete  </button>
		<separator/>
		<button image="icons/20x20refresh.gif" id="refresh" tooltip="Refresh Item" statusmsg="Refresh Item">Refresh </button>
		<separator/>
		<button image="icons/20x20print.gif" id="print" tooltip="Printable View" statusmsg="Printable View" disabled="true">Printable View  </button>
		<separator/>
		<button image="icons/16x16_icon_msExcel.gif" id="export2Excel" tooltip="Export To Excel" statusmsg="Export To Excel" disabled="false"> Export To Excel </button>
		<button image="icons/16x16_icon_msWord.gif" id="export2Word" tooltip="Export To Word" statusmsg="Export To Word" disabled="false"> Export To Word </button>
		<separator/>
		<button image="icons/20x20lock.gif" id="lock" tooltip="Lock Item" statusmsg="Lock Item" disabled="true">Lock  </button>
		<button image="icons/20x20unlock.gif" id="unlock" tooltip="Unlock Item" statusmsg="Unlock Item" disabled="true">Unlock  </button>
		<button image="icons/20x20rollback.gif" id="undo" tooltip="Undo Changes on Item" statusmsg="Undo Changes on Item" disabled="true">Undo  </button>
		<separator/>
		<button image="icons/20x20promote.gif" id="promote" tooltip="Promote Item" statusmsg="Promote Item" disabled="true">Promote  </button>
		<button image="icons/20x20revision.gif" id="revisions" tooltip="View Revisions for Item" statusmsg="View Revisions for Item" disabled="true">All Revs </button>
		<separator/>
		<button image="../images/icons/20x20/20x22_file_xfer.gif" id="publish" tooltip="publish" statusmsg="publish" state="0">publish</button>
		<separator/>
		<button image="icons/16x16_help.gif" id="help_context" tooltip="Help" statusmsg="Help">Help  </button>
		<separator/>
		<button image="icons/16x16_saveunlockclose.gif" id="save_unlock_close" tooltip="Save, Unlock &amp; Close" statusmsg="Save, Unlock &amp; Close" disabled="true">Save, Unlock &amp; Close  </button>
		<button image="../images/icons/20x20/20x20_exit_door.gif" id="close" tooltip="Close this window" statusmsg="Close this window">Close  </button>
	</toolbar>
	<toolbar id="treeView">
		<button image="icons/20x20new.gif" id="new" tooltip="Create a New Item" statusmsg="Create a New Item" disabled="true">New  </button>
		<button image="icons/20x20view.gif" id="view" tooltip="View Item" statusmsg="View Item" disabled="true">View </button>
		<button image="icons/20x20edit.gif" id="edit" tooltip="Edit Item" statusmsg="Edit Item" disabled="true">Edit  </button>
		<button image="icons/20x20save.gif" id="save" tooltip="Save Item" statusmsg="Save Item" disabled="true">Save  </button>
		<button image="icons/20x20delete.gif" id="delete" tooltip="Delete Item" statusmsg="Delete Item" disabled="true">Delete  </button>
		<separator/>
		<button image="icons/20x20refresh.gif" id="refresh" tooltip="Refresh Item" statusmsg="Refresh Item">Refresh </button>
		<separator/>
		<button image="icons/20x20print.gif" id="print" tooltip="Printable View" statusmsg="Printable View" disabled="true">Printable View  </button>
		<separator/>
		<button image="icons/20x20rollback.gif" id="undo" tooltip="Undo Changes on Item" statusmsg="Undo Changes on Item" disabled="true">Undo  </button>
		<separator/>
		<button image="icons/20x20promote.gif" id="promote" tooltip="Promote Item" statusmsg="Promote Item" disabled="true">Promote  </button>
		<button image="icons/20x20revision.gif" id="revisions" tooltip="View Revisions for Item" statusmsg="View Revisions for Item" disabled="true">All Revs </button>
		<separator/>
		<button image="icons/tabbar.gif" id="tabView" tooltip="Tab Bar View" statusmsg="Tab Bar View" state="1" disabled="true">Tab View  </button>
		<button image="icons/tree.gif" id="treeView" tooltip="Tree View" statusmsg="Tree View" state="1" disabled="true">Tree View  </button>
		<separator/>
		<button image="icons/16x16_help.gif" id="help_context" tooltip="Help" statusmsg="Help">Help  </button>
		<separator/>
		<button image="icons/16x16_saveunlockclose.gif" id="save_unlock_close" tooltip="Save, Unlock &amp; Close" statusmsg="Save, Unlock &amp; Close" disabled="true">Save, Unlock &amp; Close  </button>
		<button image="../images/icons/20x20/20x20_exit_door.gif" id="close" tooltip="Close this window" statusmsg="Close this window">Close  </button>
	</toolbar>
	<toolbar id="structure">
		<button disabled="true" image="../images/icons/20x20/20x20_checkmark.gif" id="save_close" tooltip="Save And Close" statusmsg="Save Your Changes And Close The Dialog"> </button>
		<separator/>
		<button state="0" image="icons/layout0.gif" id="ly0"/>
		<button state="0" image="icons/layout1.gif" id="ly1"/>
		<button state="0" image="icons/layout2.gif" id="ly2"/>
		<separator/>
		<button state="0" image="icons/layout3.gif" id="ly3"/>
		<button state="0" image="icons/layout4.gif" id="ly4"/>
		<button state="0" image="icons/layout5.gif" id="ly5"/>
		<separator/>
		<button state="0" image="icons/layout6.gif" id="ly6"/>
		<button state="0" image="icons/layout7.gif" id="ly7"/>
		<button state="0" image="icons/layout8.gif" id="ly8"/>
		<separator/>
		<button state="0" image="icons/layout9.gif" id="ly9"/>
		<button state="0" image="icons/layout10.gif" id="ly10"/>
		<button state="0" image="icons/layout11.gif" id="ly11"/>
		<separator/>
		<button image="../images/icons/16x16/16x16_redx.gif" id="set_nothing" tooltip="Clear Selection" statusmsg="Clear Selection"/>
		<button image="../images/icons/20x20/20x20_exit_door.gif" id="close" tooltip="Close this window" statusmsg="Close this window">Close  </button>
	</toolbar>
	<toolbar id="structure_view">
		<separator/>
		<button state="0" image="icons/layout0.gif" id="ly0"/>
		<button state="0" image="icons/layout1.gif" id="ly1"/>
		<button state="0" image="icons/layout2.gif" id="ly2"/>
		<separator/>
		<button state="0" image="icons/layout3.gif" id="ly3"/>
		<button state="0" image="icons/layout4.gif" id="ly4"/>
		<button state="0" image="icons/layout5.gif" id="ly5"/>
		<separator/>
		<button state="0" image="icons/layout6.gif" id="ly6"/>
		<button state="0" image="icons/layout7.gif" id="ly7"/>
		<button state="0" image="icons/layout8.gif" id="ly8"/>
		<separator/>
		<button state="0" image="icons/layout9.gif" id="ly9"/>
		<button state="0" image="icons/layout10.gif" id="ly10"/>
		<button state="0" image="icons/layout11.gif" id="ly11"/>
		<separator/>
		<button image="../images/icons/20x20/20x20_exit_door.gif" id="close" tooltip="Close this window" statusmsg="Close this window">Close  </button>
	</toolbar>
	<toolbar id="structure_select">
		<button enabled="true" image="../images/icons/20x20/20x20_checkmark.gif" id="return_selected" tooltip="Return selected" statusmsg="Save Your Changes And Close The Dialog"> </button>
		<separator/>
		<button state="0" image="icons/layout0.gif" id="ly0"/>
		<button state="0" image="icons/layout1.gif" id="ly1"/>
		<button state="0" image="icons/layout2.gif" id="ly2"/>
		<separator/>
		<button state="0" image="icons/layout3.gif" id="ly3"/>
		<button state="0" image="icons/layout4.gif" id="ly4"/>
		<button state="0" image="icons/layout5.gif" id="ly5"/>
		<separator/>
		<button state="0" image="icons/layout6.gif" id="ly6"/>
		<button state="0" image="icons/layout7.gif" id="ly7"/>
		<button state="0" image="icons/layout8.gif" id="ly8"/>
		<separator/>
		<button state="0" image="icons/layout9.gif" id="ly9"/>
		<button state="0" image="icons/layout10.gif" id="ly10"/>
		<button state="0" image="icons/layout11.gif" id="ly11"/>
		<separator/>
		<button image="../images/icons/16x16/16x16_redx.gif" id="clear_selected" tooltip="Clear Selected" statusmsg="Clear Selection"/>
		<button image="../images/icons/20x20/20x20_exit_door.gif" id="close" tooltip="Close this window" statusmsg="Close this window">Close  </button>
	</toolbar>
	<toolbar id="structure_edit">
		<button disabled="true" image="../images/icons/20x20/20x20_checkmark.gif" id="save_close" tooltip="Save And Close" statusmsg="Save Your Changes And Close The Dialog"> </button>
		<separator/>
		<button state="0" image="icons/layout0.gif" id="ly0"/>
		<button state="0" image="icons/layout1.gif" id="ly1"/>
		<button state="0" image="icons/layout2.gif" id="ly2"/>
		<separator/>
		<button state="0" image="icons/layout3.gif" id="ly3"/>
		<button state="0" image="icons/layout4.gif" id="ly4"/>
		<button state="0" image="icons/layout5.gif" id="ly5"/>
		<separator/>
		<button state="0" image="icons/layout6.gif" id="ly6"/>
		<button state="0" image="icons/layout7.gif" id="ly7"/>
		<button state="0" image="icons/layout8.gif" id="ly8"/>
		<separator/>
		<button state="0" image="icons/layout9.gif" id="ly9"/>
		<button state="0" image="icons/layout10.gif" id="ly10"/>
		<button state="0" image="icons/layout11.gif" id="ly11"/>
		<separator/>
		<button image="icons/20x20rollback.gif" id="undo" tooltip="Undo Changes on Item" statusmsg="Undo Changes on Item" disabled="true">Undo  </button>
		<separator/>
		<button image="../images/icons/20x20/20x20_exit_door.gif" id="close" tooltip="Close this window" statusmsg="Close this window">Close  </button>
	</toolbar>
	<toolbar id="tool">
		<button image="icons/20x20save.gif" id="save" tooltip="Save Item" statusmsg="Save Item" disabled="true">Save  </button>
		<button image="icons/20x20delete.gif" id="delete" tooltip="Delete Item" statusmsg="Delete Item" disabled="true">Delete  </button>
		<separator/>
		<button image="icons/20x20print.gif" id="print" tooltip="Printable View" statusmsg="Printable View" disabled="true">Printable View  </button>
		<separator/>
		<button image="icons/16x16_icon_msExcel.gif" id="export2Excel" tooltip="Export To Excel" statusmsg="Export To Excel" disabled="false"> Export To Excel </button>
		<button image="icons/16x16_icon_msWord.gif" id="export2Word" tooltip="Export To Word" statusmsg="Export To Word" disabled="false"> Export To Word </button>
		<separator/>
		<button image="icons/20x20lock.gif" id="lock" tooltip="Lock Item" statusmsg="Lock Item" disabled="true">Lock  </button>
		<button image="icons/20x20unlock.gif" id="unlock" tooltip="Unlock Item" statusmsg="Unlock Item" disabled="true">Unlock  </button>
		<button image="icons/20x20rollback.gif" id="undo" tooltip="Undo Changes on Item" statusmsg="Undo Changes on Item" disabled="true">Undo  </button>
		<separator/>
		<button image="icons/16x16_saveunlockclose.gif" id="save_unlock_close" tooltip="Save, Unlock &amp; Close" statusmsg="Save, Unlock &amp; Close" disabled="true">Save, Unlock &amp; Close  </button>
		<button image="../images/icons/20x20/20x20_exit_door.gif" id="close" tooltip="Close this window" statusmsg="Close this window">Close  </button>
	</toolbar>
	<toolbar id="workflow">
		<button image="icons/20x20save.gif" id="save" tooltip="Save Item" statusmsg="Save Item" disabled="true">Save  </button>
		<button image="icons/20x20delete.gif" id="delete" tooltip="Delete Item" statusmsg="Delete Item" disabled="true">Delete  </button>
		<separator/>
		<button image="icons/20x20print.gif" id="print" tooltip="Printable View" statusmsg="Printable View" disabled="true">Printable View  </button>
		<separator/>
		<button image="icons/16x16_icon_msExcel.gif" id="export2Excel" tooltip="Export To Excel" statusmsg="Export To Excel" disabled="false"> Export To Excel </button>
		<button image="icons/16x16_icon_msWord.gif" id="export2Word" tooltip="Export To Word" statusmsg="Export To Word" disabled="false"> Export To Word </button>
		<separator/>
		<button image="icons/20x20lock.gif" id="lock" tooltip="Lock Item" statusmsg="Lock Item" disabled="true">Lock  </button>
		<button image="icons/20x20unlock.gif" id="unlock" tooltip="Unlock Item" statusmsg="Unlock Item" disabled="true">Unlock  </button>
		<button image="icons/20x20rollback.gif" id="undo" tooltip="Undo Changes on Item" statusmsg="Undo Changes on Item" disabled="true">Undo  </button>
		<button image="icons/no_tabs.gif" id="no_tabs" tooltip="Hide tabs" statusmsg="Hide tabs" state="0">Hide Tabs </button>
		<separator/>
		<button image="icons/16x16_saveunlockclose.gif" id="save_unlock_close" tooltip="Save, Unlock &amp; Close" statusmsg="Save, Unlock &amp; Close" disabled="true">Save, Unlock &amp; Close  </button>
		<button image="../images/icons/20x20/20x20_exit_door.gif" id="close" tooltip="Close this window" statusmsg="Close this window">Close  </button>
	</toolbar>
</toolbarapplet>
