﻿<?xml version="1.0" encoding="utf-8"?>
<toolbarapplet on_load="onToolbarLoad" on_click="OnToolbarItemClick" buttonstyle="windows" buttonsize="26,25">
	<toolbar id="normal">
    <button image="icons/20x20new.gif" id="new" tooltip="Neues Objekt erstellen" statusmsg="Neues Objekt erstellen" disabled="true">New</button>
    <button image="icons/20x20view.gif" id="view" tooltip="Objekt Anzeigen" statusmsg="Objekt Anzeigen" disabled="true">View</button>
    <button image="icons/20x20edit.gif" id="edit" tooltip="Objekt Bearbeiten" statusmsg="Objekt Bearbeiten" disabled="true">Edit</button>
    <button image="icons/20x20save.gif" id="save" tooltip="Objekt Speichern" statusmsg="Objekt Speichern" disabled="true">Save</button>
    <button image="icons/20x20delete.gif" id="delete" tooltip="Objekt Löschen" statusmsg="Objekt Löschen" disabled="true">Delete</button>
		<separator/>
    <button image="icons/20x20refresh.gif" id="refresh" tooltip="Objekt Aktualisieren" statusmsg="Objekt Aktualisieren">Refresh</button>
		<separator/>
    <button image="icons/20x20print.gif" id="print" tooltip="Druckansicht" statusmsg="Druckansicht" disabled="true">Printable View</button>
		<separator/>
    <button image="icons/16x16_icon_msExcel.gif" id="export2Excel" tooltip="Export nach Excel" statusmsg="Export nach Excel" disabled="false">Export To Excel</button>
    <button image="icons/16x16_icon_msWord.gif" id="export2Word" tooltip="Export nach Word" statusmsg="Export nach Word" disabled="false">Export To Word</button>
		<separator/>
    <button image="icons/20x20lock.gif" id="lock" tooltip="Objket Sperren" statusmsg="Objket Sperren" disabled="true">Lock</button>
    <button image="icons/20x20unlock.gif" id="unlock" tooltip="Objekt Entsperren" statusmsg="Objekt Entsperren" disabled="true">Unlock</button>
    <button image="icons/20x20rollback.gif" id="undo" tooltip="Änderungen rückgägnig machen" statusmsg="Änderungen rückgägnig machen" disabled="true">Undo</button>
		<separator/>
    <button image="icons/20x20promote.gif" id="promote" tooltip="nächster Objekt-Status" statusmsg="nächster Objekt-Status" disabled="true">Promote</button>
    <button image="icons/20x20revision.gif" id="revisions" tooltip="Objekt-Revisionen Anzeigen" statusmsg="Objekt-Revisionen Anzeigen" disabled="true">All Revs</button>
		<separator/>
    <button image="icons/no_tabs.gif" id="no_tabs" tooltip="Reiter Ausblenden" statusmsg="Reiter Ausblenden" state="0" disabled="true">Hide Tabs</button>
		<separator/>
    <button image="icons/16x16_help.gif" id="help_context" tooltip="Hilfe" statusmsg="Hilfe">Help</button>
		<separator/>
    <button image="icons/16x16_saveunlockclose.gif" id="save_unlock_close" tooltip="Sichern, Entsperren &amp; Schliessen" statusmsg="Sichern, Entsperren &amp; Schliessen" disabled="true">Save, Unlock &amp; Close</button>
    <button image="../images/icons/20x20/20x20_exit_door.gif" id="close" tooltip="Fenster Schliessen" statusmsg="Fenster Schliessen">Close</button>
	</toolbar>
	<toolbar id="treeView">
    <button image="icons/20x20new.gif" id="new" tooltip="Neues Objekt erstellen" statusmsg="Neues Objekt erstellen" disabled="true">New</button>
    <button image="icons/20x20view.gif" id="view" tooltip="Objekt Anzeigen" statusmsg="Objekt Anzeigen" disabled="true">View</button>
    <button image="icons/20x20edit.gif" id="edit" tooltip="Objekt Bearbeiten" statusmsg="Objekt Bearbeiten" disabled="true">Edit</button>
    <button image="icons/20x20save.gif" id="save" tooltip="Objekt Speichern" statusmsg="Objekt Speichern" disabled="true">Save</button>
    <button image="icons/20x20delete.gif" id="delete" tooltip="Objekt Löschen" statusmsg="Objekt Löschen" disabled="true">Delete</button>
		<separator/>
    <button image="icons/20x20refresh.gif" id="refresh" tooltip="Objekt aktualisieren" statusmsg="Objekt aktualisieren">Refresh</button>
		<separator/>
    <button image="icons/20x20print.gif" id="print" tooltip="Druckansicht" statusmsg="Druckansicht" disabled="true">Printable View</button>
		<separator/>
    <button image="icons/20x20rollback.gif" id="undo" tooltip="Änderungen rückgägnig machen" statusmsg="Änderungen rückgägnig machen" disabled="true">Undo</button>
		<separator/>
    <button image="icons/20x20promote.gif" id="promote" tooltip="nächster Objekt-Status" statusmsg="nächster Objekt-Status" disabled="true">Promote</button>
    <button image="icons/20x20revision.gif" id="revisions" tooltip="Objekt-Revisionen Anzeigen" statusmsg="Objekt-Revisionen Anzeigen" disabled="true">All Revs</button>
		<separator/>
    <button image="icons/tabbar.gif" id="tabView" tooltip="Reiteransicht" statusmsg="Reiteransicht" state="1" disabled="true">Tab View</button>
    <button image="icons/no_tabs.gif" id="no_tabs" tooltip="Reiter Ausblenden" statusmsg="Reiter Ausblenden" state="0" disabled="true">Hide Tabs</button>
    <button image="icons/tree.gif" id="treeView" tooltip="Navigationsbaum" statusmsg="Navigationsbaum" state="1" disabled="true">Tree View</button>
		<separator/>
    <button image="icons/16x16_help.gif" id="help_context" tooltip="Hilfe" statusmsg="Hilfe">Help</button>
		<separator/>
    <button image="icons/16x16_saveunlockclose.gif" id="save_unlock_close" tooltip="Sichern, Entsperren &amp; Schliessen" statusmsg="Sichern, Entsperren &amp; Schliessen" disabled="true">Save, Unlock &amp; Close</button>
    <button image="../images/icons/20x20/20x20_exit_door.gif" id="close" tooltip="Fenster Schliessen" statusmsg="Fenster Schliessen">Close</button>
	</toolbar>
	<toolbar id="structure">
    <button disabled="true" image="../images/icons/20x20/20x20_checkmark.gif" id="save_close" tooltip="Speichern und Schliessen" statusmsg="Änderungen Speichern und Fenster Schliessen" />
		<separator/>
		<button state="0" image="icons/layout0.gif" id="ly0"/>
		<button state="0" image="icons/layout1.gif" id="ly1"/>
		<button state="0" image="icons/layout2.gif" id="ly2"/>
		<separator/>
		<button state="0" image="icons/layout3.gif" id="ly3"/>
		<button state="0" image="icons/layout4.gif" id="ly4"/>
		<button state="0" image="icons/layout5.gif" id="ly5"/>
		<separator/>
		<button state="0" image="icons/layout6.gif" id="ly6"/>
		<button state="0" image="icons/layout7.gif" id="ly7"/>
		<button state="0" image="icons/layout8.gif" id="ly8"/>
		<separator/>
		<button state="0" image="icons/layout9.gif" id="ly9"/>
		<button state="0" image="icons/layout10.gif" id="ly10"/>
		<button state="0" image="icons/layout11.gif" id="ly11"/>
		<separator/>
    <button image="../images/icons/16x16/16x16_redx.gif" id="set_nothing" tooltip="Auswahl aufheben" statusmsg="Auswahl aufheben"/>
    <button image="../images/icons/20x20/20x20_exit_door.gif" id="close" tooltip="Fenster Schliessen" statusmsg="Fenster Schliessen">Close</button>
	</toolbar>
	<toolbar id="structure_view">
		<separator/>
		<button state="0" image="icons/layout0.gif" id="ly0"/>
		<button state="0" image="icons/layout1.gif" id="ly1"/>
		<button state="0" image="icons/layout2.gif" id="ly2"/>
		<separator/>
		<button state="0" image="icons/layout3.gif" id="ly3"/>
		<button state="0" image="icons/layout4.gif" id="ly4"/>
		<button state="0" image="icons/layout5.gif" id="ly5"/>
		<separator/>
		<button state="0" image="icons/layout6.gif" id="ly6"/>
		<button state="0" image="icons/layout7.gif" id="ly7"/>
		<button state="0" image="icons/layout8.gif" id="ly8"/>
		<separator/>
		<button state="0" image="icons/layout9.gif" id="ly9"/>
		<button state="0" image="icons/layout10.gif" id="ly10"/>
		<button state="0" image="icons/layout11.gif" id="ly11"/>
		<separator/>
    <button image="../images/icons/20x20/20x20_exit_door.gif" id="close" tooltip="Fenster Schliessen" statusmsg="Fenster Schliessen">Close</button>
	</toolbar>
	<toolbar id="structure_select">
    <button enabled="true" image="../images/icons/20x20/20x20_checkmark.gif" id="return_selected" tooltip="Ausgewähltes zurückgeben" statusmsg="Ausgewähltes zurückgeben" />
		<separator/>
		<button state="0" image="icons/layout0.gif" id="ly0"/>
		<button state="0" image="icons/layout1.gif" id="ly1"/>
		<button state="0" image="icons/layout2.gif" id="ly2"/>
		<separator/>
		<button state="0" image="icons/layout3.gif" id="ly3"/>
		<button state="0" image="icons/layout4.gif" id="ly4"/>
		<button state="0" image="icons/layout5.gif" id="ly5"/>
		<separator/>
		<button state="0" image="icons/layout6.gif" id="ly6"/>
		<button state="0" image="icons/layout7.gif" id="ly7"/>
		<button state="0" image="icons/layout8.gif" id="ly8"/>
		<separator/>
		<button state="0" image="icons/layout9.gif" id="ly9"/>
		<button state="0" image="icons/layout10.gif" id="ly10"/>
		<button state="0" image="icons/layout11.gif" id="ly11"/>
		<separator/>
    <button image="../images/icons/16x16/16x16_redx.gif" id="clear_selected" tooltip="Auswahl aufheben" statusmsg="Auswahl aufheben"/>
    <button image="../images/icons/20x20/20x20_exit_door.gif" id="close" tooltip="Fenster Schliessen" statusmsg="Fenster Schliessen">Close</button>
	</toolbar>
	<toolbar id="structure_edit">
    <button disabled="true" image="../images/icons/20x20/20x20_checkmark.gif" id="save_close" tooltip="Speichern und Schliessen" statusmsg="Änderungen Speichern und Fenster Schliessen" />
		<separator/>
		<button state="0" image="icons/layout0.gif" id="ly0"/>
		<button state="0" image="icons/layout1.gif" id="ly1"/>
		<button state="0" image="icons/layout2.gif" id="ly2"/>
		<separator/>
		<button state="0" image="icons/layout3.gif" id="ly3"/>
		<button state="0" image="icons/layout4.gif" id="ly4"/>
		<button state="0" image="icons/layout5.gif" id="ly5"/>
		<separator/>
		<button state="0" image="icons/layout6.gif" id="ly6"/>
		<button state="0" image="icons/layout7.gif" id="ly7"/>
		<button state="0" image="icons/layout8.gif" id="ly8"/>
		<separator/>
		<button state="0" image="icons/layout9.gif" id="ly9"/>
		<button state="0" image="icons/layout10.gif" id="ly10"/>
		<button state="0" image="icons/layout11.gif" id="ly11"/>
		<separator/>
    <button image="icons/20x20rollback.gif" id="undo" tooltip="Änderungen rückgängig machen" statusmsg="Änderungen rückgängig machen" disabled="true">Undo</button>
		<separator/>
    <button image="../images/icons/20x20/20x20_exit_door.gif" id="close" tooltip="Fenster Schliessen" statusmsg="Fenster Schliessen">Close</button>
	</toolbar>
	<toolbar id="tool">
    <button image="icons/20x20save.gif" id="save" tooltip="Objekt Speichern" statusmsg="Objekt Speichern" disabled="true">Save</button>
    <button image="icons/20x20delete.gif" id="delete" tooltip="Objekt Löschen" statusmsg="Objekt Löschen" disabled="true">Delete</button>
		<separator/>
    <button image="icons/20x20print.gif" id="print" tooltip="Druckansicht" statusmsg="Druckansicht" disabled="true">Printable View</button>
		<separator/>
    <button image="icons/16x16_icon_msExcel.gif" id="export2Excel" tooltip="Export nach Excel" statusmsg="Export nach Excel" disabled="false">Export To Excel</button>
    <button image="icons/16x16_icon_msWord.gif" id="export2Word" tooltip="Export nach Word" statusmsg="Export nach Word" disabled="false">Export To Word</button>
		<separator/>
    <button image="icons/20x20lock.gif" id="lock" tooltip="Objekt Sperren" statusmsg="Objekt Sperren" disabled="true">Lock</button>
    <button image="icons/20x20unlock.gif" id="unlock" tooltip="Objekt Entsperren" statusmsg="Objekt Entsperren" disabled="true">Unlock</button>
    <button image="icons/20x20rollback.gif" id="undo" tooltip="Änderungen rückgängig machen" statusmsg="Änderungen rückgängig machen" disabled="true">Undo</button>
		<separator/>
    <button image="icons/16x16_saveunlockclose.gif" id="save_unlock_close" tooltip="Sichern, Entsperren &amp; Schliessen" statusmsg="Sichern, Entsperren &amp; Schliessen" disabled="true">Save, Unlock &amp; Close</button>
    <button image="../images/icons/20x20/20x20_exit_door.gif" id="close" tooltip="Fenster Schliessen" statusmsg="Fenster Schliessen">Close</button>
	</toolbar>
	<toolbar id="workflow">
    <button image="icons/20x20save.gif" id="save" tooltip="Objekt Speichern" statusmsg="Objekt Speichern" disabled="true">Save</button>
    <button image="icons/20x20delete.gif" id="delete" tooltip="Objekt Löschen" statusmsg="Objekt Löschen" disabled="true">Delete</button>
		<separator/>
    <button image="icons/20x20print.gif" id="print" tooltip="Druckansicht" statusmsg="Druckansicht" disabled="true">Printable View</button>
		<separator/>
    <button image="icons/16x16_icon_msExcel.gif" id="export2Excel" tooltip="Export nach Excel" statusmsg="Export nach Excel" disabled="false">Export To Excel</button>
    <button image="icons/16x16_icon_msWord.gif" id="export2Word" tooltip="Export nach Word" statusmsg="Export nach Word" disabled="false">Export To Word</button>
		<separator/>
    <button image="icons/20x20lock.gif" id="lock" tooltip="Objekt Sperren" statusmsg="Objekt Sperren" disabled="true">Lock</button>
    <button image="icons/20x20unlock.gif" id="unlock" tooltip="Objekt Entsprerren" statusmsg="Objekt Entsprerren" disabled="true">Unlock</button>
    <button image="icons/20x20rollback.gif" id="undo" tooltip="Änderungen rückgängig machen" statusmsg="Änderungen rückgängig machen" disabled="true">Undo</button>
    <button image="icons/no_tabs.gif" id="no_tabs" tooltip="Reiter Ausblenden" statusmsg="Reiter Ausblenden" state="0">Hide Tabs </button>
		<separator/>
    <button image="icons/16x16_saveunlockclose.gif" id="save_unlock_close" tooltip="Sichern, Entsperren &amp; Schliessen" statusmsg="Sichern, Entsperren &amp; Schliessen" disabled="true">Save, Unlock &amp; Close</button>
    <button image="../images/icons/20x20/20x20_exit_door.gif" id="close" tooltip="Fenster Schliessen" statusmsg="Fenster Schliessen">Close</button>
	</toolbar>
</toolbarapplet>
