﻿<Item type="Preference">
	<Relationships>
		<Item type="PM_ProjectGridLayout">
			<!--//n-->
			<position>1</position>
			<width>20</width>
			<name>n</name>
			<label>N</label>
			<is_system>1</is_system>
		</Item>
		<Item type="PM_ProjectGridLayout">
			<!--//TreeNode-->
			<position>2</position>
			<width>200</width>
			<name>tree_node</name>
			<label>Project Tree</label>
			<is_system>1</is_system>
		</Item>
		<Item type="PM_ProjectGridLayout">
			<!--//Predecessor-->
			<position>3</position>
			<width>80</width>
			<name>predecessor</name>
			<label>Predecessor</label>
			<is_system>1</is_system>
		</Item>
		<Item type="PM_ProjectGridLayout">
			<!--//Duration-->
			<position>4</position>
			<width>70</width>
			<name>duration</name>
			<label>Plan Duration</label>
			<is_system>1</is_system>
		</Item>
		<Item type="PM_ProjectGridLayout">
			<!--//Hours-->
			<position>5</position>
			<width>70</width>
			<name>hours</name>
			<label>Plan Hours</label>
			<is_system>1</is_system>
		</Item>
		<Item type="PM_ProjectGridLayout">
			<!--//Deliv Required-->
			<position>6</position>
			<width>85</width>
			<name>deliv_required</name>
			<label>Attach Required</label>
			<is_system>1</is_system>
		</Item>
		<Item type="PM_ProjectGridLayout">
			<!--//Deliv Type-->
			<position>7</position>
			<width>80</width>
			<name>deliv_type</name>
			<label>Attach Type</label>
			<is_system>1</is_system>
		</Item>
		<Item type="PM_ProjectGridLayout">
			<!--//Role-->
			<position>8</position>
			<width>80</width>
			<name>role</name>
			<label>Lead Role</label>
			<is_system>1</is_system>
		</Item>
		<Item type="PM_ProjectGridLayout">
			<!--//Required-->
			<position>9</position>
			<width>50</width>
			<name>required</name>
			<label>Required</label>
			<is_system>1</is_system>
		</Item>
	</Relationships>
</Item>
