<?xml version="1.0"?>
<!-- name:    method-config.xml
     purpose: Provides limited customization for Innovator server method 
              interface, code generation and compilation phase.
     (c) Copyright by Aras Corporation, 2004-2007.
  -->
<!DOCTYPE MethodConfig [
	<!ELEMENT MethodConfig (ReferencedAssemblies, Support*, Template*)>
	<!ELEMENT ReferencedAssemblies (name*)>
	<!ELEMENT name (#PCDATA)>
	<!ELEMENT Support (#PCDATA)>
	<!ATTLIST Support
    dialect CDATA #REQUIRED
    template CDATA #REQUIRED
    compiler CDATA #REQUIRED
  >
	<!ELEMENT Template (#PCDATA)>
	<!ATTLIST Template
	  name CDATA #REQUIRED
    line_number_offset CDATA #REQUIRED
  >
]>
<MethodConfig>
  <ReferencedAssemblies>
    <name>System.dll</name>
    <name>System.XML.dll</name>
    <name>System.Web.dll</name>
    <name>System.Data.dll</name>
    <name>$(binpath)/IOM.dll</name>
    <name>$(binpath)/InnovatorCore.dll</name>
    <name>$(binpath)/CoreCS.dll</name>
  </ReferencedAssemblies>

  <Support dialect="VB" template="VBScript" compiler="Microsoft.VisualBasic.VBCodeProvider"/>
	<Support dialect="VBScript" template="VBScript" compiler="Microsoft.VisualBasic.VBCodeProvider"/>
	<Support dialect="C#" template="CSharp" compiler="Microsoft.CSharp.CSharpCodeProvider"/>
	<Support dialect="CSharp" template="CSharp" compiler="Microsoft.CSharp.CSharpCodeProvider"/>
	<Support dialect="JavaScript" template="JavaScript" compiler="Microsoft.JScript.JScriptCodeProvider" AssemblyName="Microsoft.JScript, Version=7.0.5000.0, Culture=neutral, PublicKeyToken=b03f5f7f11d50a3a" AssemblyNameType="full"/>
	<Support dialect="JScript" template="JavaScript" compiler="Microsoft.JScript.JScriptCodeProvider" AssemblyName="Microsoft.JScript, Version=7.0.5000.0, Culture=neutral, PublicKeyToken=b03f5f7f11d50a3a" AssemblyNameType="full"/>
	<Support dialect="VJSharp" template="VJSharp" compiler="Microsoft.VJSharp.VJSharpCodeProvider" AssemblyName="VJSharpCodeProvider, Version=7.0.5000.0, Culture=neutral, PublicKeyToken=b03f5f7f11d50a3a" AssemblyNameType="full"/>
	<!-- If AssemblyNameType="full" fails, then try AssemblyNameType="partial"
     and limit the AssemblyName to only the name portion, leave out the Version, etc.
     You can find out exactly what has been loaded into the Innovator server
     by using the Server/ServerInfo.aspx url. -->
	<!-- This next one is an example, it has not been tested -->
	<Support dialect="COBOL" template="COBOL" compiler="Fujitsu.NETCobol.NetCobolCodeProvider" AssemblyName="NetCobolCodeProvider" AssemblyNameType="partial"/>

	<Template name="VBScript" line_number_offset="25">
    <![CDATA[
Imports Microsoft.VisualBasic
Imports System
Imports System.IO
Imports System.Text
Imports System.Xml
Imports System.Collections
Imports System.Data
Imports System.Net
imports System.Web
imports System.Web.SessionState
Imports Aras.IOM

Namespace $(pkgname)

  Class ItemMethod
    Inherits Item
    
    Public Sub New(InnovatorObject_arg As IServerConnection)
      MyBase.New(InnovatorObject_arg)
    End Sub

    Public Function methodCode () As Item
      Dim CCO As Aras.Server.Core.CallContext = CType(serverConnection,Aras.Server.Core.IOMConnection).CCO
      $(MethodCode)
    End Function
  End Class

  Class $(clsname)
    Public Sub $(fncname)( _
            inDom As XmlDocument, _
            outDom As XmlDocument, _
            InnovatorObject_arg As IServerConnection, _
            InnovatorContext As HttpContext)
      Dim inItem As ItemMethod
      Dim outItem As Item

      inItem = new ItemMethod(InnovatorObject_arg)
      inItem.dom = inDom

      Dim nodes As XmlNodeList = inDom.SelectNodes("//Item[not(ancestor::node()[local-name()='Item'])]")
      If (nodes.Count = 1) Then
        inItem.node = nodes(0)
      Else
        inItem.node = Nothing
        inItem.nodeList = nodes
      End If
        
      outItem = inItem.methodCode()
      If (Not outItem Is Nothing) Then
        outDom.LoadXml(outItem.dom.OuterXml)
      End If
    End Sub
  End Class
End Namespace
]]></Template>


	<!-- To use this template, put this in your method code.

' MethodTemplateName=VBMain;

The you must define a function Main() returning Item.

function Main() as Item
 return Nothing
End Function

For example:

'MethodTemplateName=VBMain;
Dim x As String
Function Main() As Item
	cco.startup.debuglog("me",Me.dom)
	Return Nothing
End Function

-->

 <Template name="VBMain" line_number_offset="21">
   <![CDATA[
Imports Microsoft.VisualBasic
Imports System
Imports System.IO
Imports System.Text
Imports System.Xml
Imports System.Collections
Imports System.Data
Imports System.Net
imports System.Web
imports System.Web.SessionState
Imports Aras.IOM

Namespace $(pkgname)

  Class ItemMethod
    Inherits Item

    Dim CCO As Aras.Server.Core.CallContext

    $(MethodCode)

    Public Sub New(InnovatorObject_arg As IServerConnection)
      MyBase.New(InnovatorObject_arg)
    End Sub

    Public Function methodCode() As Item
      CCO = CType(serverConnection,Aras.Server.Core.IOMConnection).CCO
      Return Main()
    End Function
  End Class

  Class $(clsname)
    Public Function $(fncname)( _
            inDom As XmlDocument, _
            outDom As XmlDocument, _
            InnovatorObject_arg As IServerConnection, _
            InnovatorContext As HttpContext)
      Dim inItem As ItemMethod
      Dim outItem As Item

      inItem = new ItemMethod(InnovatorObject_arg)
      inItem.dom = inDom
      Dim nodes As XmlNodeList = inDom.SelectNodes("//Item[not(ancestor::node()[local-name()='Item'])]")
      If (nodes.Count = 1) Then
        inItem.node = nodes(0)
      Else
        inItem.node = Nothing
        inItem.nodeList = nodes
      End If

      outItem = inItem.methodCode()
      If (Not outItem Is Nothing) Then
        outDom.LoadXml(outItem.dom.OuterXml)
      End If
    End Function
  End Class
End Namespace
]]>
 </Template>

 <Template name="VBScriptInOut" line_number_offset="23">
   <![CDATA[
Imports Microsoft.VisualBasic
Imports System
Imports System.IO
Imports System.Text
Imports System.Xml
Imports System.Collections
Imports System.Data
Imports System.Net
imports System.Web
imports System.Web.SessionState
Imports Aras.IOM

Namespace $(pkgname)

  Class $(clsname)
    Public Function $(fncname)( _
            inDom As XmlDocument, _
            outDom As XmlDocument, _
            InnovatorObject_arg As IServerConnection, _
            InnovatorContext As HttpContext)
      Dim you as object = InnovatorObject_arg
      $(MethodCode)
    End Function
  End Class
End Namespace
]]>
 </Template>

 <Template name="JavaScript" line_number_offset="20">
<![CDATA[
import Microsoft.VisualBasic;
import System;
import System.IO;
import System.Xml;
import System.Collections;
import System.Data;
import System.Net;
import System.Web;
import System.Web.SessionState;
import Aras.IOM;

package $(pkgname) {

 class itemMethod extends Item {

  function ItemMethod() {
   super([""]);
  }

  function methodCode() {
   $(MethodCode)
  }
 }

 class $(clsname) { 
  public function $(fncname)(inDom,outDom,InnovatorServerASP,InnovatorContext) {
   var inItem,outItem;
   InnovatorServerObject.serverConnection = InnovatorServerASP;
   inItem = new ItemMethod();
   inItem.dom = inDom;
   var nodes = inDom.SelectNodes("//Item[not(ancestor::node()[local-name()='Item'])]");
   if (nodes.Count == 1)
     inItem.node = inDom.SelectSingleNode("//Item[not(ancestor::node()[local-name()='Item'])]");
   else
   {
     inItem.node = null;
     inItem.nodeList = inDom.SelectNodes("//Item[not(ancestor::node()[local-name()='Item'])]");
   }
   outItem = inItem.methodCode();
   if (outItem != null) {
    outDom.LoadXml(outItem.dom.OuterXml);}
  }
 }
}
]]>
 </Template>


 <Template name="JavaScriptInOut" line_number_offset="14">
<![CDATA[
import System;
import Aras.IOM;
import System.Xml;
import System.Net;
import System.Web;
import System.Web.SessionState;
import System.IO;
import System.Collections;
import System.Data;
package $(pkgname) {
 class $(clsname) { 
  public function $(fncname)(inDom,outDom,InnovatorServerASP,InnovatorContext) {
   var InnovatorServer = InnovatorContext.Server;
   var InnovatorSession = InnovatorContext.Session;
   InnovatorServerObject.serverConnecction = InnovatorServerASP;
   $(MethodCode)
  }
 }
}
]]>
 </Template>

	<Template name="VBScriptDBUpdateTool" line_number_offset="18">
		<!-- This is a special template for porting existing DBUpdate scripts.
     MethodTemplateName=VBScriptDBUpdateTool;
-->
<![CDATA[
Imports Microsoft.VisualBasic
Imports System
Imports System.IO
Imports System.Text
Imports System.Xml
Imports System.Collections
Imports System.Data
Imports System.Net
imports System.Web
imports System.Web.SessionState
Imports Aras.IOM

Namespace $(pkgname) 
 Class $(clsname)

$(MethodCode)

  Public Function $(fncname)(inDom As XmlDocument, _
                             outDom As XmlDocument, _
                             InnovatorObject As IServerConnection, _
                             InnovatorContext As HttpContext)
   Main(InnovatorObject,inDom.SelectSingleNode("//Data"),outDom)
  End Function
 End Class
End Namespace
]]>
 </Template>

  <Template name="CSharp" line_number_offset="24">
<![CDATA[
using System;
using System.IO;
using System.Xml;
using System.Text;
using System.Collections;
using System.Data;
using System.Net;
using System.Web;
using System.Web.SessionState;
using Aras.IOM;

namespace $(pkgname)
{
  public class ItemMethod : Item
  {
    public ItemMethod(IServerConnection arg) : base(arg)
    {
    }
    
    public Item methodCode()
    {
      Aras.Server.Core.CallContext CCO = ((Aras.Server.Core.IOMConnection) serverConnection).CCO;
      $(MethodCode)
    }
  }
  
  public class $(clsname)
  {
    public void $(fncname)(XmlDocument inDom, XmlDocument outDom, IServerConnection InnovatorServerASP, HttpContext InnovatorContext)
    {
      ItemMethod inItem = null;
      Item outItem = null;
      inItem = new ItemMethod(InnovatorServerASP);
      inItem.dom = inDom;
      XmlNodeList nodes = inDom.SelectNodes("//Item[not(ancestor::node()[local-name()='Item'])]");
      if (nodes.Count == 1)
        inItem.node = (XmlElement)inDom.SelectSingleNode("//Item[not(ancestor::node()[local-name()='Item'])]");
      else
      {
        inItem.node = null;
        inItem.nodeList = inDom.SelectNodes("//Item[not(ancestor::node()[local-name()='Item'])]");
      }

      outItem = inItem.methodCode();
      if (outItem != null)
      {
        outDom.LoadXml(outItem.dom.OuterXml);
      }
    }
  }
}
]]>
</Template>

  <Template name="CSharpInOut" line_number_offset="20">
<![CDATA[
using System;
using System.IO;
using System.Text;
using System.Xml;
using System.Net;
using System.Web.Caching;
using System.Web;
using System.Web.SessionState;
using System.Collections;

using Aras.IOM;

namespace $(pkgname)
{
  public class $(clsname)
  {
    public void $(fncname)(XmlDocument inDom, XmlDocument outDom, IServerConnection InnovatorServerASP, HttpContext InnovatorContext)
    {
      $(MethodCode)
    }
  }
}
]]>
 </Template>

	<Template name="VBScriptMain" line_number_offset="19">
		<!-- This template allows the MethodCode to contain multiple subroutines as long     as one of the subroutines is called Main. It also allows the code to contain
     multiple Dim variables at toplevel. These will be instance variables of the class,
     where one instance is created during the lifetime of the execution of the method.
     MethodTemplateName=VBScriptMain;

-->
<![CDATA[
Imports Microsoft.VisualBasic
Imports System
Imports System.IO
Imports System.Xml
Imports System.Text
Imports System.Collections
Imports System.Data
Imports System.Net
imports System.Web
imports System.Web.SessionState
Imports Aras.IOM

Namespace $(pkgname) 
 Class $(clsname)
 Dim CCO as Aras.Server.Core.CallContext

$(MethodCode)

  Public Function $(fncname)(inDom As XmlDocument, _
                             outDom As XmlDocument, _
                             InnovatorObject As IServerConnection, _
                             InnovatorContext As HttpContext)
   CCO = CType(InnovatorObject,Aras.Server.Core.IOMConnection).CCO
   Dim InnovatorServer = InnovatorContext.Server
   Dim InnovatorSession = InnovatorContext.Session

   Main(inDom,outDom,InnovatorObject,InnovatorServer,InnovatorSession)
  End Function
 End Class
End Namespace
]]>
</Template>

	<Template name="VBScriptMainUpgrade" line_number_offset="30">
		<!-- This one is only for VBScript methods upgraded
     from Release 6.0 customer deployments with the aid
     of the script upgrade tools.

     The IOM is imported because sometime these methods used the
     old "object" api, which is similar enough to the new one
     to be worth using.

 -->
<![CDATA[
Imports Microsoft.VisualBasic
Imports System
Imports System.IO
Imports System.Text
Imports System.Xml
Imports System.Collections
Imports System.Data
Imports System.Net
imports System.Web
imports System.Web.SessionState
Imports System.Web.Mail
Imports System.Web.Mail.SmtpMail

Imports Aras.IOM

Namespace $(pkgname) 
 Class $(clsname)

 Dim inDom as XmlDocument
 Dim outDom as XmlDocument
 Dim errorDom as XmlDocument
 Dim InnovatorObject As IServerConnection
 Dim InnovatorContext As HttpContext
 Dim Server as HttpServerUtility
 Dim Session as HttpSessionState
 Dim CCO as Aras.Server.Core.CallContext

$(MethodCode)

  Public Function $(fncname)(inDom_arg As XmlDocument, _
                             outDom_arg As XmlDocument, _
                             InnovatorObject_arg As IServerConnection, _
                             InnovatorContext_arg As HttpContext)
   inDom = inDom_arg
   outDom = outDom_arg
   errorDom = outDom_arg
   InnovatorObject = InnovatorObject_arg
   CCO = CType(InnovatorObject, Aras.Server.Core.IOMConnection).CCO
   InnovatorContext = InnovatorContext_arg
   Server = InnovatorContext.Server
   Session = InnovatorContext.Session
   MethodMainSubroutine
  End Function
 End Class
End Namespace
]]>
</Template>

  <Template name="VJSharp" line_number_offset="25">
<![CDATA[
package $(pkgname);

import System.*;
import System.IO.*;
import System.Text.*;
import System.Xml.*;
import System.Collections.*;
import System.Data.*;
import System.Net.*;
import System.Web.*;
import System.Web.SessionState.*;
import Aras.IOM.*;

public class ItemMethod extends Item
{
  public ItemMethod(IServerConnection arg)
  {
    super(arg);
  }
  
  public Item methodCode()
  {
    Aras.Server.Core.CallContext CCO = ((Aras.Server.Core.IOMConnection) serverConnection).CCO;
    $(MethodCode)
  }
}

public class $(clsname)
{
  public void $(fncname)(XmlDocument inDom, XmlDocument outDom, IServerConnection InnovatorServerASP, HttpContext InnovatorContext)
  {
    ItemMethod inItem = null;
    Item outItem = null;
    inItem = new ItemMethod(InnovatorServerASP);
    inItem.set_dom(inDom);
    XmlNodeList nodes = inDom.SelectNodes("//Item[not(ancestor::node()[local-name()='Item'])]");
    if (nodes.get_Count() == 1)
      inItem.set_node((XmlElement)inDom.SelectSingleNode("//Item[not(ancestor::node()[local-name()='Item'])]"));
    else
    {
      inItem.set_node(null);
      inItem.set_nodeList(inDom.SelectNodes("//Item[not(ancestor::node()[local-name()='Item'])]"));
    }

    outItem = inItem.methodCode();
    if (outItem != null)
    {
      outDom.LoadXml(outItem.get_dom().get_OuterXml());
    }
  }
}
]]>
</Template>

  <Template name="VJSharpMain" line_number_offset="6">
<![CDATA[
package $(pkgname);

public class main
{
$(MethodCode)
}

public class $(clsname)
{
  public void $(fncname)(Object inDom, Object outDom, Object connection, Object context)
  {
    main.main(inDom, outDom, connection, context);
  }
}
]]>
  </Template>
	<!-- This is also wrong, but it is a place holder -->
	<Template name="COBOL" line_number_offset="3"><![CDATA[
NAMESPACE $(pkgname) 
CLASS     $(clsname)
$(MethodCode)
PUBLIC METHOD $(fncname)
PERFORM MAIN
]]>
  </Template>
</MethodConfig>
