﻿<AML>
 <Item type="RelationshipType" id="4858DFDD962547878B0F4C94278D11A5" action="add" dependencyLevel="0">
  <auto_search>1</auto_search>
  <behavior>float</behavior>
  <copy_permissions>0</copy_permissions>
  <create_related>0</create_related>
  <hide_in_all>0</hide_in_all>
  <inc_rel_key_name>1</inc_rel_key_name>
  <inc_related_key_name>1</inc_related_key_name>
  <is_list_type>0</is_list_type>
  <label>Attached Files</label>
  <name>Audit Files</name>
  <new_show_related>0</new_show_related>
  <related_id keyed_name="File" type="ItemType" name="ItemType">8052A558B9084D41B9F11805E464F443</related_id>
  <related_notnull>0</related_notnull>
  <related_option>2</related_option>
  <relationship_id keyed_name="Audit Files" type="ItemType" name="Audit Files">
   <Item type="ItemType" id="F6D13F077E5A41E39ADB9FBF2036830C" action="add">
    <allow_private_permission>1</allow_private_permission>
    <auto_search>0</auto_search>
    <default_lifecycle keyed_name="Default" type="Life Cycle Map">2F3B75E17C4E4F2D9599579A965BFA64</default_lifecycle>
    <hide_where_used>0</hide_where_used>
    <implementation_type>table</implementation_type>
    <instance_data>AUDIT_FILES</instance_data>
    <is_dependent>0</is_dependent>
    <is_relationship>1</is_relationship>
    <is_versionable>0</is_versionable>
    <manual_versioning>0</manual_versioning>
    <name>Audit Files</name>
    <revisions keyed_name="Default" type="Revision">7FE395DD8B9F4E1090756A34B733D75E</revisions>
    <save_history>0</save_history>
    <show_parameters_tab>1</show_parameters_tab>
    <unlock_on_logout>0</unlock_on_logout>
    <use_src_access>1</use_src_access>
    </Item>
  </relationship_id>
  <sort_order>1</sort_order>
  <source_id keyed_name="Audit" type="ItemType" name="Audit">F01DF964747F4F0E8021E724B9F6D7AF</source_id>
 </Item>
 <Item type="View" action="delete" where="source_id='F6D13F077E5A41E39ADB9FBF2036830C'"></Item>
 <Item type="Form" action="delete" where="name='Audit Files'"></Item>
</AML>