﻿<AML>
 <Item type="RelationshipType" id="70757F56FBA24AE092331E74DF0949F1" action="add" dependencyLevel="0">
  <auto_search>1</auto_search>
  <behavior>float</behavior>
  <copy_permissions>0</copy_permissions>
  <create_related>0</create_related>
  <hide_in_all>0</hide_in_all>
  <inc_rel_key_name>1</inc_rel_key_name>
  <inc_related_key_name>1</inc_related_key_name>
  <is_list_type>0</is_list_type>
  <label>Attachments</label>
  <name>NCR Documents</name>
  <new_show_related>0</new_show_related>
  <related_id keyed_name="Document" type="ItemType" name="ItemType">B88C14B99EF449828C5D926E39EE8B89</related_id>
  <related_notnull>0</related_notnull>
  <related_option>2</related_option>
  <relationship_id keyed_name="NCR Documents" type="ItemType" name="NCR Documents">
   <Item type="ItemType" id="7F5AB1D75A404BC0A61CB4646FE2BE6A" action="add">
    <allow_private_permission>1</allow_private_permission>
    <auto_search>0</auto_search>
    <default_lifecycle keyed_name="Default" type="Life Cycle Map">2F3B75E17C4E4F2D9599579A965BFA64</default_lifecycle>
    <hide_where_used>0</hide_where_used>
    <implementation_type>table</implementation_type>
    <instance_data>NCR_DOCUMENTS</instance_data>
    <is_dependent>0</is_dependent>
    <is_relationship>1</is_relationship>
    <is_versionable>0</is_versionable>
    <manual_versioning>0</manual_versioning>
    <name>NCR Documents</name>
    <revisions keyed_name="Default" type="Revision">7FE395DD8B9F4E1090756A34B733D75E</revisions>
    <save_history>0</save_history>
    <show_parameters_tab>1</show_parameters_tab>
    <unlock_on_logout>0</unlock_on_logout>
    <use_src_access>1</use_src_access>
    </Item>
  </relationship_id>
  <sort_order>256</sort_order>
  <source_id keyed_name="NCR" type="ItemType" name="NCR">58D74CF0E0934E33850CC3CB28361FD9</source_id>
 </Item>
 <Item type="View" action="delete" where="source_id='7F5AB1D75A404BC0A61CB4646FE2BE6A'"></Item>
 <Item type="Form" action="delete" where="name='NCR Documents'"></Item>
</AML>