﻿<AML>
 <Item type="RelationshipType" id="4862D2D367334723AC0D93502F444566" action="add" dependencyLevel="0">
  <auto_search>1</auto_search>
  <behavior>float</behavior>
  <copy_permissions>0</copy_permissions>
  <create_related>0</create_related>
  <hide_in_all>0</hide_in_all>
  <inc_rel_key_name>1</inc_rel_key_name>
  <inc_related_key_name>1</inc_related_key_name>
  <is_list_type>0</is_list_type>
  <label>Preventive Actions</label>
  <name>QAP Preventive Action</name>
  <new_show_related>1</new_show_related>
  <related_id keyed_name="Quality Preventive Action" type="ItemType" name="ItemType">0C71FA3C21764DF891DC7BBA724D7CCB</related_id>
  <related_notnull>1</related_notnull>
  <related_option>2</related_option>
  <relationship_id keyed_name="QAP Preventive Action" type="ItemType" name="QAP Preventive Action">
   <Item type="ItemType" id="073A6C4282394A94A1E684890386BF74" action="add">
    <allow_private_permission>1</allow_private_permission>
    <auto_search>0</auto_search>
    <default_lifecycle keyed_name="Default" type="Life Cycle Map">2F3B75E17C4E4F2D9599579A965BFA64</default_lifecycle>
    <hide_where_used>0</hide_where_used>
    <implementation_type>table</implementation_type>
    <instance_data>QAP_PREVENTIVE_ACTION</instance_data>
    <is_dependent>0</is_dependent>
    <is_relationship>1</is_relationship>
    <is_versionable>0</is_versionable>
    <manual_versioning>0</manual_versioning>
    <name>QAP Preventive Action</name>
    <revisions keyed_name="Default" type="Revision">7FE395DD8B9F4E1090756A34B733D75E</revisions>
    <save_history>0</save_history>
    <show_parameters_tab>1</show_parameters_tab>
    <unlock_on_logout>0</unlock_on_logout>
    <use_src_access>1</use_src_access>
    <Relationships>
     <Item type="Allowed Permission" id="6007931534FC46CDA6A5483C727FD82D" action="add">
      <is_default>1</is_default>
      <related_id keyed_name="World Can Get" type="Permission">93AB06D37FC84328A314324DC45DB574</related_id>
      <sort_order>128</sort_order>
      <source_id keyed_name="QAP Preventive Action" type="ItemType" name="QAP Preventive Action">073A6C4282394A94A1E684890386BF74</source_id>
     </Item>
     <Item type="Can Add" id="440E117A554F46FB834B9D13D220C9F4" action="add">
      <can_add>1</can_add>
      <related_id keyed_name="World" type="Identity">
       <Item type="Identity" action="get" select="id">
        <name>World</name>
       </Item>
      </related_id>
      <sort_order>128</sort_order>
      <source_id keyed_name="QAP Preventive Action" type="ItemType" name="QAP Preventive Action">073A6C4282394A94A1E684890386BF74</source_id>
     </Item>
     <Item type="Property" id="2ECD4FC62DB841739BBCDE4E5A957999" action="add">
      <column_alignment>left</column_alignment>
      <data_type>date</data_type>
      <is_hidden>0</is_hidden>
      <is_hidden2>0</is_hidden2>
      <is_indexed>0</is_indexed>
      <is_keyed>0</is_keyed>
      <is_multi_valued>0</is_multi_valued>
      <is_required>0</is_required>
      <label>Date Implemented</label>
      <name>date_implemented</name>
      <pattern>MM/dd/yyyy</pattern>
      <range_inclusive>0</range_inclusive>
      <readonly>0</readonly>
      <sort_order>3584</sort_order>
      <source_id keyed_name="QAP Preventive Action" type="ItemType" name="QAP Preventive Action">073A6C4282394A94A1E684890386BF74</source_id>
     </Item>
     <Item type="Property" id="0192460AFFA54B029D93BDEE6EF39EA5" action="add">
      <column_alignment>left</column_alignment>
      <column_width>360</column_width>
      <data_type>string</data_type>
      <is_hidden>0</is_hidden>
      <is_hidden2>0</is_hidden2>
      <is_indexed>0</is_indexed>
      <is_keyed>0</is_keyed>
      <is_multi_valued>0</is_multi_valued>
      <is_required>0</is_required>
      <label>Verification/Validation</label>
      <name>verification</name>
      <range_inclusive>0</range_inclusive>
      <readonly>0</readonly>
      <sort_order>3456</sort_order>
      <source_id keyed_name="QAP Preventive Action" type="ItemType" name="QAP Preventive Action">073A6C4282394A94A1E684890386BF74</source_id>
      <stored_length>512</stored_length>
     </Item>
    </Relationships>
   </Item>
  </relationship_id>
  <sort_order>70</sort_order>
  <source_id keyed_name="QAP" type="ItemType" name="QAP">11D2FEA6F58E47ADA0CFBF63122FA02E</source_id>
  <Relationships>
   <Item type="Relationship Grid Event" id="EA56D5B419174F12A73433648397876D" action="add">
    <grid_event>oninsertrow</grid_event>
    <related_id keyed_name="QS Preventive Action OnInsert" type="Method">
     <Item type="Method" action="get" select="id">
      <name>QS Preventive Action OnInsert</name>
     </Item>
    </related_id>
    <sort_order>128</sort_order>
    <source_id keyed_name="QAP Preventive Action" type="RelationshipType">4862D2D367334723AC0D93502F444566</source_id>
   </Item>
  </Relationships>
 </Item>
 <Item type="ItemType" id="073A6C4282394A94A1E684890386BF74" action="edit">
  <Relationships>
   <Item type="Property" action="edit" where="source_id='073A6C4282394A94A1E684890386BF74' and name='sort_order'">
    <column_alignment>left</column_alignment>
    <data_type>integer</data_type>
    <is_hidden>0</is_hidden>
    <is_hidden2>0</is_hidden2>
    <is_indexed>0</is_indexed>
    <is_keyed>0</is_keyed>
    <is_multi_valued>0</is_multi_valued>
    <is_required>0</is_required>
    <label>Seq</label>
    <name>sort_order</name>
    <range_inclusive>0</range_inclusive>
    <readonly>0</readonly>
    <sort_order>1</sort_order>
    <source_id keyed_name="QAP Preventive Action" type="ItemType" name="QAP Preventive Action">073A6C4282394A94A1E684890386BF74</source_id>
   </Item>
  </Relationships>
 </Item>
 <Item type="View" action="delete" where="source_id='073A6C4282394A94A1E684890386BF74'"></Item>
 <Item type="Form" action="delete" where="name='QAP Preventive Action'"></Item>
</AML>