﻿<AML>
 <Item type="RelationshipType" id="08C60042EF1A4DF48BDB19A9F4B83549" action="add" dependencyLevel="0">
  <auto_search>1</auto_search>
  <behavior>float</behavior>
  <copy_permissions>0</copy_permissions>
  <create_related>0</create_related>
  <grid_view>right</grid_view>
  <hide_in_all>0</hide_in_all>
  <inc_rel_key_name>1</inc_rel_key_name>
  <inc_related_key_name>1</inc_related_key_name>
  <is_list_type>0</is_list_type>
  <label>Team</label>
  <name>QAP Identity</name>
  <new_show_related>0</new_show_related>
  <related_id keyed_name="Identity" type="ItemType" name="ItemType">E582AB17663F4EF28460015B2BE9E094</related_id>
  <related_notnull>1</related_notnull>
  <related_option>0</related_option>
  <relationship_id keyed_name="QAP Identity" type="ItemType" name="QAP Identity">
   <Item type="ItemType" id="869A5D1CBFDB46AFA8F02CF3A90D56A0" action="add">
    <allow_private_permission>1</allow_private_permission>
    <auto_search>0</auto_search>
    <default_lifecycle keyed_name="Default" type="Life Cycle Map">2F3B75E17C4E4F2D9599579A965BFA64</default_lifecycle>
    <hide_where_used>0</hide_where_used>
    <implementation_type>table</implementation_type>
    <instance_data>QAP_IDENTITY</instance_data>
    <is_dependent>0</is_dependent>
    <is_relationship>1</is_relationship>
    <is_versionable>0</is_versionable>
    <manual_versioning>0</manual_versioning>
    <name>QAP Identity</name>
    <revisions keyed_name="Default" type="Revision">7FE395DD8B9F4E1090756A34B733D75E</revisions>
    <save_history>0</save_history>
    <show_parameters_tab>1</show_parameters_tab>
    <unlock_on_logout>0</unlock_on_logout>
    <use_src_access>1</use_src_access>
    <Relationships>
     <Item type="Allowed Permission" id="58221F42EC44489995C408C54AD02851" action="add">
      <is_default>1</is_default>
      <related_id keyed_name="World Can Get" type="Permission">93AB06D37FC84328A314324DC45DB574</related_id>
      <sort_order>128</sort_order>
      <source_id keyed_name="QAP Identity" type="ItemType" name="QAP Identity">869A5D1CBFDB46AFA8F02CF3A90D56A0</source_id>
     </Item>
     <Item type="Can Add" id="7E58F9FEC7FB4531A977A92CC2A8C48C" action="add">
      <can_add>1</can_add>
      <related_id keyed_name="World" type="Identity">
       <Item type="Identity" action="get" select="id">
        <name>World</name>
       </Item>
      </related_id>
      <sort_order>128</sort_order>
      <source_id keyed_name="QAP Identity" type="ItemType" name="QAP Identity">869A5D1CBFDB46AFA8F02CF3A90D56A0</source_id>
     </Item>
     <Item type="Property" id="960E2678512E42F192CDE98D514C593C" action="add">
      <column_alignment>center</column_alignment>
      <column_width>70</column_width>
      <data_type>boolean</data_type>
      <is_hidden>0</is_hidden>
      <is_hidden2>0</is_hidden2>
      <is_indexed>0</is_indexed>
      <is_keyed>0</is_keyed>
      <is_multi_valued>0</is_multi_valued>
      <is_required>0</is_required>
      <label>Champion</label>
      <name>champion</name>
      <range_inclusive>0</range_inclusive>
      <readonly>0</readonly>
      <sort_order>1</sort_order>
      <source_id keyed_name="QAP Identity" type="ItemType" name="QAP Identity">869A5D1CBFDB46AFA8F02CF3A90D56A0</source_id>
     </Item>
    </Relationships>
   </Item>
  </relationship_id>
  <sort_order>20</sort_order>
  <source_id keyed_name="QAP" type="ItemType" name="QAP">11D2FEA6F58E47ADA0CFBF63122FA02E</source_id>
 </Item>
 <Item type="View" action="delete" where="source_id='869A5D1CBFDB46AFA8F02CF3A90D56A0'"></Item>
 <Item type="Form" action="delete" where="name='QAP Identity'"></Item>
</AML>