﻿<AML>
 <Item type="RelationshipType" id="DBE643220F6D4CF6A1DA2FF5EA5334F7" action="add" dependencyLevel="0">
  <auto_search>1</auto_search>
  <behavior>float</behavior>
  <copy_permissions>0</copy_permissions>
  <create_related>0</create_related>
  <hide_in_all>0</hide_in_all>
  <inc_rel_key_name>1</inc_rel_key_name>
  <inc_related_key_name>1</inc_related_key_name>
  <is_list_type>0</is_list_type>
  <label>Quality Events</label>
  <name>QAP Quality Events</name>
  <new_show_related>1</new_show_related>
  <related_id keyed_name="Quality Event" type="ItemType" name="ItemType">E9D0FC142329437BAD4F73E23FF4EE99</related_id>
  <related_notnull>1</related_notnull>
  <related_option>0</related_option>
  <relationship_id keyed_name="QAP Quality Events" type="ItemType" name="QAP Quality Events">
   <Item type="ItemType" id="C187A69047094A8084736FE49DAA2D79" action="add">
    <allow_private_permission>1</allow_private_permission>
    <auto_search>0</auto_search>
    <default_lifecycle keyed_name="Default" type="Life Cycle Map">2F3B75E17C4E4F2D9599579A965BFA64</default_lifecycle>
    <hide_where_used>0</hide_where_used>
    <implementation_type>table</implementation_type>
    <instance_data>QAP_QUALITY_EVENTS</instance_data>
    <is_dependent>0</is_dependent>
    <is_relationship>1</is_relationship>
    <is_versionable>0</is_versionable>
    <manual_versioning>0</manual_versioning>
    <name>QAP Quality Events</name>
    <revisions keyed_name="Default" type="Revision">7FE395DD8B9F4E1090756A34B733D75E</revisions>
    <save_history>0</save_history>
    <show_parameters_tab>1</show_parameters_tab>
    <unlock_on_logout>0</unlock_on_logout>
    <use_src_access>1</use_src_access>
    <Relationships>
     <Item type="Allowed Permission" id="2061A6736144424CAEA07A86EA73B1C2" action="add">
      <is_default>1</is_default>
      <related_id keyed_name="World Can Get" type="Permission">93AB06D37FC84328A314324DC45DB574</related_id>
      <sort_order>128</sort_order>
      <source_id keyed_name="QAP Quality Events" type="ItemType" name="QAP Quality Events">C187A69047094A8084736FE49DAA2D79</source_id>
     </Item>
     <Item type="Can Add" id="348B8E2C3E87446EABA1C8E99D988C5B" action="add">
      <can_add>1</can_add>
      <related_id keyed_name="World" type="Identity">
       <Item type="Identity" action="get" select="id">
        <name>World</name>
       </Item>
      </related_id>
      <sort_order>128</sort_order>
      <source_id keyed_name="QAP Quality Events" type="ItemType" name="QAP Quality Events">C187A69047094A8084736FE49DAA2D79</source_id>
     </Item>
    </Relationships>
   </Item>
  </relationship_id>
  <sort_order>10</sort_order>
  <source_id keyed_name="QAP" type="ItemType" name="QAP">11D2FEA6F58E47ADA0CFBF63122FA02E</source_id>
  <Relationships>
   <Item type="Relationship Grid Event" id="19C93FC156534C95BB6E9B4BD112D6AC" action="add">
    <grid_event>oninsertrow</grid_event>
    <related_id keyed_name="QS Quality Event OnInsert" type="Method">
     <Item type="Method" action="get" select="id">
      <name>QS Quality Event OnInsert</name>
     </Item>
    </related_id>
    <sort_order>128</sort_order>
    <source_id keyed_name="QAP Quality Events" type="RelationshipType">DBE643220F6D4CF6A1DA2FF5EA5334F7</source_id>
   </Item>
  </Relationships>
 </Item>
 <Item type="View" action="delete" where="source_id='C187A69047094A8084736FE49DAA2D79'"></Item>
 <Item type="Form" action="delete" where="name='QAP Quality Events'"></Item>
</AML>