﻿<AML>
 <Item type="RelationshipType" id="92983E2EB4A34518A11086A90EE9453D" action="add" dependencyLevel="0">
  <auto_search>1</auto_search>
  <behavior>float</behavior>
  <copy_permissions>0</copy_permissions>
  <create_related>0</create_related>
  <hide_in_all>0</hide_in_all>
  <inc_rel_key_name>1</inc_rel_key_name>
  <inc_related_key_name>1</inc_related_key_name>
  <is_list_type>0</is_list_type>
  <label>Test Data</label>
  <name>QS Logbook Data</name>
  <new_show_related>0</new_show_related>
  <related_notnull>0</related_notnull>
  <related_option>2</related_option>
  <relationship_id keyed_name="QS Logbook Data" type="ItemType" name="QS Logbook Data">
   <Item type="ItemType" id="6C299A8D81864CD39EC32A15F210D7B4" action="add">
    <allow_private_permission>1</allow_private_permission>
    <auto_search>0</auto_search>
    <default_lifecycle keyed_name="Default" type="Life Cycle Map">2F3B75E17C4E4F2D9599579A965BFA64</default_lifecycle>
    <hide_where_used>0</hide_where_used>
    <implementation_type>table</implementation_type>
    <instance_data>QS_LOGBOOK_DATA</instance_data>
    <is_dependent>0</is_dependent>
    <is_relationship>1</is_relationship>
    <is_versionable>0</is_versionable>
    <manual_versioning>0</manual_versioning>
    <name>QS Logbook Data</name>
    <revisions keyed_name="Default" type="Revision">7FE395DD8B9F4E1090756A34B733D75E</revisions>
    <save_history>0</save_history>
    <show_parameters_tab>1</show_parameters_tab>
    <unlock_on_logout>0</unlock_on_logout>
    <use_src_access>1</use_src_access>
    <Relationships>
     <Item type="Property" id="149F56CA2DF041AC88A0C753297430EB" action="add">
      <column_alignment>right</column_alignment>
      <column_width>100</column_width>
      <data_type>string</data_type>
      <is_hidden>0</is_hidden>
      <is_hidden2>0</is_hidden2>
      <is_indexed>0</is_indexed>
      <is_keyed>0</is_keyed>
      <is_multi_valued>0</is_multi_valued>
      <is_required>0</is_required>
      <label>Actual</label>
      <name>actual</name>
      <range_inclusive>0</range_inclusive>
      <readonly>0</readonly>
      <sort_order>6</sort_order>
      <source_id keyed_name="QS Logbook Data" type="ItemType" name="QS Logbook Data">6C299A8D81864CD39EC32A15F210D7B4</source_id>
      <stored_length>32</stored_length>
     </Item>
     <Item type="Property" id="50318326E827438BA8445BDB6115BA92" action="add">
      <column_alignment>left</column_alignment>
      <column_width>250</column_width>
      <data_type>string</data_type>
      <is_hidden>0</is_hidden>
      <is_hidden2>0</is_hidden2>
      <is_indexed>0</is_indexed>
      <is_keyed>0</is_keyed>
      <is_multi_valued>0</is_multi_valued>
      <is_required>0</is_required>
      <label>Parameter</label>
      <name>parameter</name>
      <range_inclusive>0</range_inclusive>
      <readonly>0</readonly>
      <sort_order>2</sort_order>
      <source_id keyed_name="QS Logbook Data" type="ItemType" name="QS Logbook Data">6C299A8D81864CD39EC32A15F210D7B4</source_id>
      <stored_length>64</stored_length>
     </Item>
     <Item type="Property" id="809BD2F5C2864F7D8E1D5672814E8B32" action="add">
      <column_alignment>center</column_alignment>
      <column_width>90</column_width>
      <data_source keyed_name="QS Pass Fail">6FEDA9521BAA421AA895CC9C3C12E03C</data_source>
      <data_type>list</data_type>
      <is_hidden>0</is_hidden>
      <is_hidden2>0</is_hidden2>
      <is_indexed>0</is_indexed>
      <is_keyed>0</is_keyed>
      <is_multi_valued>0</is_multi_valued>
      <is_required>0</is_required>
      <label>Pass / Fail</label>
      <name>pass_fail</name>
      <range_inclusive>0</range_inclusive>
      <readonly>0</readonly>
      <sort_order>10</sort_order>
      <source_id keyed_name="QS Logbook Data" type="ItemType" name="QS Logbook Data">6C299A8D81864CD39EC32A15F210D7B4</source_id>
     </Item>
     <Item type="Property" id="C305A63169D9449F982B882A73EE7E83" action="add">
      <column_alignment>right</column_alignment>
      <column_width>100</column_width>
      <data_type>string</data_type>
      <is_hidden>0</is_hidden>
      <is_hidden2>0</is_hidden2>
      <is_indexed>0</is_indexed>
      <is_keyed>0</is_keyed>
      <is_multi_valued>0</is_multi_valued>
      <is_required>0</is_required>
      <label>Target</label>
      <name>target</name>
      <range_inclusive>0</range_inclusive>
      <readonly>0</readonly>
      <sort_order>4</sort_order>
      <source_id keyed_name="QS Logbook Data" type="ItemType" name="QS Logbook Data">6C299A8D81864CD39EC32A15F210D7B4</source_id>
      <stored_length>32</stored_length>
     </Item>
     <Item type="Property" id="97FFE74A491C4C4C948A7C3F782D0876" action="add">
      <column_alignment>right</column_alignment>
      <column_width>100</column_width>
      <data_type>string</data_type>
      <is_hidden>0</is_hidden>
      <is_hidden2>0</is_hidden2>
      <is_indexed>0</is_indexed>
      <is_keyed>0</is_keyed>
      <is_multi_valued>0</is_multi_valued>
      <is_required>0</is_required>
      <label>Tolerance</label>
      <name>tolerance</name>
      <range_inclusive>0</range_inclusive>
      <readonly>0</readonly>
      <sort_order>8</sort_order>
      <source_id keyed_name="QS Logbook Data" type="ItemType" name="QS Logbook Data">6C299A8D81864CD39EC32A15F210D7B4</source_id>
      <stored_length>32</stored_length>
     </Item>
    </Relationships>
   </Item>
  </relationship_id>
  <sort_order>10</sort_order>
  <source_id keyed_name="QS Logbook" type="ItemType" name="QS Logbook">9B65EF9CD99F4782A5FD79D0ADA05C13</source_id>
 </Item>
 <Item type="View" action="delete" where="source_id='6C299A8D81864CD39EC32A15F210D7B4'"></Item>
 <Item type="Form" action="delete" where="name='QS Logbook Data'"></Item>
</AML>