﻿<AML>
 <Item type="RelationshipType" id="DB11E4F6753E40C8BD579A94170AFB85" action="add" dependencyLevel="0">
  <auto_search>1</auto_search>
  <behavior>float</behavior>
  <copy_permissions>0</copy_permissions>
  <create_related>0</create_related>
  <hide_in_all>0</hide_in_all>
  <inc_rel_key_name>1</inc_rel_key_name>
  <inc_related_key_name>1</inc_related_key_name>
  <is_list_type>0</is_list_type>
  <label>Rework Instructions</label>
  <name>Rework WO File</name>
  <new_show_related>0</new_show_related>
  <related_id keyed_name="File" type="ItemType" name="ItemType">8052A558B9084D41B9F11805E464F443</related_id>
  <related_notnull>0</related_notnull>
  <related_option>2</related_option>
  <relationship_id keyed_name="Rework WO File" type="ItemType" name="Rework WO File">
   <Item type="ItemType" id="20AD660BD30345078E8BEE242C960F3B" action="add">
    <allow_private_permission>1</allow_private_permission>
    <auto_search>0</auto_search>
    <default_lifecycle keyed_name="Default" type="Life Cycle Map">2F3B75E17C4E4F2D9599579A965BFA64</default_lifecycle>
    <hide_where_used>0</hide_where_used>
    <implementation_type>table</implementation_type>
    <instance_data>REWORK_WO_FILE</instance_data>
    <is_dependent>0</is_dependent>
    <is_relationship>1</is_relationship>
    <is_versionable>0</is_versionable>
    <manual_versioning>0</manual_versioning>
    <name>Rework WO File</name>
    <revisions keyed_name="Default" type="Revision">7FE395DD8B9F4E1090756A34B733D75E</revisions>
    <save_history>0</save_history>
    <show_parameters_tab>1</show_parameters_tab>
    <unlock_on_logout>0</unlock_on_logout>
    <use_src_access>1</use_src_access>
    </Item>
  </relationship_id>
  <sort_order>1</sort_order>
  <source_id keyed_name="Rework WO" type="ItemType" name="Rework WO">CC7DF616067A42768A9A77E603596160</source_id>
 </Item>
 <Item type="View" action="delete" where="source_id='20AD660BD30345078E8BEE242C960F3B'"></Item>
 <Item type="Form" action="delete" where="name='Rework WO File'"></Item>
</AML>