﻿<?xml version="1.0" encoding="utf-8"?>
<toolbarapplet on_click="onToolbarButtonClick" on_load="onToolbarLoad" buttonstyle="windows" buttonsize="27,26" font="Arial-8">
	<toolbar id="tb1">
		<button image="" id="actions_menu" statusmsg="Actions Menu" width="55">Actions</button>
		<separator/>
		<button disabled="true" image="icons/Project/20x20_WBS.gif" id="add_wbs_element" tooltip="Add WBS Element" statusmsg="Add WBS Element"> Add WBS Element</button>
		<button disabled="true" image="icons/Project/20x20_Activity.gif" id="add_activity" tooltip="Add Activity" statusmsg="Add Activity"> Add Activity</button>
		<button disabled="true" image="icons/Project/20x20_Milestone.gif" id="add_milestone" tooltip="Add Milestone" statusmsg="Add Milestone">Add Milestone</button>
		<separator/>
		<button disabled="true" image="icons/20x20revision.gif" id="view_edit_selected_item" tooltip="View/Edit Selected Item" statusmsg="View/Edit Selected Item">View/Edit Selected Item</button>
		<button disabled="true" image="icons/20x20delete.gif" id="delete_selected_item" tooltip="Delete Selected Item" statusmsg="Delete Selected Item">Delete Selected Item</button>
		<separator/>
		<button disabled="true" image="icons/Project/16x16_indent.gif" id="indent" tooltip="Indent" statusmsg="Indent">Indent</button>
		<button disabled="true" image="icons/Project/16x16_outdent.gif" id="outdent" tooltip="Outdent" statusmsg="Outdent">Outdent</button>
		<separator/>
		<button disabled="true" image="icons/Project/16x16_cut.gif" id="cut" tooltip="Cut" statusmsg="Cut">Cut</button>
		<button disabled="true" image="icons/Project/16x16_paste.gif" id="paste" tooltip="Paste" statusmsg="Paste">Paste</button>
		<separator/>
		<button image="icons/Project/20x20_openFolder.gif" id="expand_all" tooltip="Expand All" statusmsg="Expand All"> Expand All</button>
		<button image="icons/Project/20x20_closedFolder.gif" id="collapse_all" tooltip="Collapse All" statusmsg="Collapse All"> Collapse All</button>
		<separator/>
		<button image="icons/20x20keysearch.gif" id="execute_filter" tooltip="Execute Filter" statusmsg="Execute Filter">Execute Filter</button>
		<button image="icons/20x20newsearch.gif" id="clear_filter" tooltip="Clear Filter" statusmsg="Clear Filter">Clear Filter</button>
	</toolbar>
</toolbarapplet>
