﻿<?xml version="1.0" encoding="UTF-8"?>
<toolbarapplet
	on_load					= "onToolbarAppletLoad"
  on_click        = "onButtonClick"
	buttonstyle     = "windows"
  buttonsize      = "28,22"
  bottom_border   = "1"
  font            = "Arial-8">
  <toolbar id="fieldbar">
    <button image="icons/20x20delete.gif"   id="delete"									tooltip="Delete Selected Field"			statusmsg="Delete Field"/>
    <separator/>
    <button image="icons/text_field.gif"    id="text"										tooltip="New Text"         statusmsg="New Text"/>
    <button image="icons/password.gif"      id="password"								tooltip="New Password"     statusmsg="New Password"/>
    <button image="icons/textarea.gif"      id="textarea"								tooltip="New Textarea"     statusmsg="New Textarea"/>
    <button image="icons/dropdown.gif"      id="dropdown"								tooltip="New Dropdown"     statusmsg="New Dropdown"/>
    <button image="icons/listbox.gif"       id="listbox single select"	tooltip="New List Box"     statusmsg="New List Box"/>
    <button image="icons/listbox_multi.gif" id="listbox multi select"		tooltip="New List Box Multi Select"	statusmsg="New List box Multi Select"/>
    <button image="icons/checkbox.gif"      id="checkbox"      					tooltip="New Checkbox"     statusmsg="New Checkbox"/>
    <button image="icons/radio_button.gif"  id="radio button list"			tooltip="New Radio Button List" statusmsg="New Radio Button List"/>
    <button image="icons/button.gif"        id="button"        tooltip="New Button"       statusmsg="New Button"/>
    <button image="icons/calendar-2.gif"    id="date"          tooltip="New Date"         statusmsg="New Date"/>
    <button image="icons/color.gif"         id="color"         tooltip="New Color"        statusmsg="New Color"/>
		
    <button image="icons/image.gif"         id="html"          tooltip="New HTML"         statusmsg="New HTML">HTML</button>

    <separator/>
    <button image="../images/icons/16x16/16x13_down.gif" id="unused_ds" tooltip="Properties Not Used as Data Sources"         statusmsg="Properties Not Used as Data Sources">Unused Properties</button>
		<separator/>

    <xbutton image="icons/tree.gif"          id="tree"          tooltip="New Tree"         statusmsg="New Tree"/>
    <xbutton image="icons/menubar.gif"       id="menubar"       tooltip="New Menu Bar"     statusmsg="New Menu Bar"/>
    <xbutton image="icons/tabbar.gif"        id="tabbar"        tooltip="New Tab Bar"      statusmsg="New Tab Bar"/>
    <xbutton image="icons/toolbar.gif"       id="toolbar"       tooltip="New Toolbar"      statusmsg="New Toolbar"/>
    <xbutton image="icons/nested_form.gif"   id="nested_form"   tooltip="New Nested Form"  statusmsg="New Nested Form"/>
  </toolbar>
</toolbarapplet>
