﻿<?xml version="1.0" encoding="UTF-8"?>
<toolbarapplet
  on_click        = "onToolbarBtnClick"
  on_load         = "onToolbarLoad"
  buttonstyle     = "windows"
  buttonsize      = "26,22"
  font            = "Arial-8"
  xtop_border      = "1"
  showlabels      = "true"
  xbottom_border  = "1">

  <toolbar id="toolbar">
    <button image="icons/20x20view.gif" id="details_view" tooltip="Details" statusmsg="Details" state="0" disabled="true" >Details</button>
    <button image="icons/20x20edit.gif" id="icons_view" tooltip="Icons" statusmsg="Icons" state="0" disabled="true" >Icons</button>
		<separator/>
		<button image="../images/icons/20x20/20x20_checkmark.gif" id="ready_btn"   tooltip="Return Selected" statusmsg="Return Selected"/>
		<button image="../images/icons/16x16/16x16_redx.gif" id="set_nothing"   tooltip="Clear Selection" statusmsg="Clear Selection"/>
		<button image="../images/icons/20x20/20x20_exit_door.gif" id="exit" tooltip="Exit"  statusmsg="Exit"/>
  </toolbar>
</toolbarapplet>