﻿<?xml version="1.0" encoding="UTF-8"?>
<toolbarapplet
	on_load					= "onItemToolbarLoad"
  on_click        = "onItemToolbarClick"
  on_change       = "onItemToolbarChange"
  buttonstyle     = "windows"
  buttonsize      = "26,22"
  font            = "Arial-8"
  top_border      = "1"
  bottom_border   = "1">

  <toolbar id="toolbar">
   <button disabled="true" image="icons/20x20clearall.gif"   id="hideAll"     tooltip="Hide all nodes from tree and work area"     statusmsg="Hide All"/>
   <button disabled="true" image="icons/20x20viewsel.gif"    id="showAll"      tooltip="Expand next level"      statusmsg="Expand next level"/>
    <separator/>
    <choice disabled="true" id="related_option" tooltip="Related Options" statusmsg="Related Options">
      <choiceitem>Pick Related</choiceitem>
      <choiceitem>No Related</choiceitem>
      <choiceitem>Create Related</choiceitem>
    </choice>


		<choice id="relationship_choice" >
			<choiceitem> </choiceitem>
		</choice>
		
    <button disabled="true" image="icons/20x20new.gif"         id="new"     tooltip="New relationship"     statusmsg="New relationship"/>
    <separator/>
    <button disabled="true" image="icons/20x20pick.gif"        id="pickReplace" tooltip="Pick/Replace Related Item"      statusmsg="Pick/Replace Related Item"/>
    <button disabled="true" image="icons/20x20delete.gif"      id="delete"    tooltip="Delete selected item"    statusmsg="Delete Selected"/>
    <separator/>

    <button disabled="true" image="icons/20x20lock.gif"        id="lock"    tooltip="Lock selected item"    statusmsg="Lock item"/>
    <button disabled="true" image="icons/20x20unlock.gif"      id="unlock"    tooltip="Unlock selected item"    statusmsg="Unlock item"/>
    
	<separator/>
    <button disabled="true" image="icons/20x20copy.gif"       id="copy"         tooltip="Copy selected item" statusmsg="Copy Selected"/>
    <button disabled="true" image="icons/20x20paste.gif"      id="paste"        tooltip="Paste"         statusmsg="Paste"/>
  </toolbar>
</toolbarapplet>