﻿<?xml version="1.0" encoding="UTF-8"?>
<toolbarapplet
  on_click        = "onToolbarButtonClick"
  on_load         = "onToolbarLoad"
  buttonstyle     = "windows"
  buttonsize      = "27,26"
  font            = "Arial-8"
  >
  
  <toolbar id="tb1">
    <button image="" id="actions_menu" width="55">Actions</button>
    <separator/>
    
    <choice disabled="true" id="related_option" tooltip="Related Options" statusmsg="Related Options" width="120" height="23">
      <choiceitem>Pick Related</choiceitem>
      <choiceitem>No Related</choiceitem>
      <choiceitem>Create Related</choiceitem>
    </choice>
    
    <button disabled="true" image="icons/20x20new.gif"         id="new"     tooltip="New relationship"     statusmsg="New relationship"> New Relationship </button>
    <separator/>

    <button disabled="true" image="icons/20x20pick.gif"        id="pick_replace" tooltip="Pick/Replace Related Item"      statusmsg="Pick/Replace Related Item"> Pick/Replace Related </button>
    <button disabled="true" image="icons/20x20delete.gif"      id="delete"    tooltip="Delete relationship"    statusmsg="Delete relationship"> Delete Relationship </button>
    <separator/>
    <button image="icons/16x16_icon_msExcel.gif" id="export2Excel" tooltip="Export To Excel" statusmsg="Export To Excel" disabled="false"> Export To Excel </button>
    <button image="icons/16x16_icon_msWord.gif" id="export2Word" tooltip="Export To Word" statusmsg="Export To Word" disabled="false"> Export To Word </button>
    <separator/>

    <button disabled="true" image="icons/20x20lock.gif"        id="lock"    tooltip="Lock related item"    statusmsg="Lock related item"> Lock Related </button>
    <button disabled="true" image="icons/20x20unlock.gif"      id="unlock"    tooltip="Unlock related item"    statusmsg="Unlock related item">Unlock Related </button>
    <separator/>
    <button image="icons/20x20promote.gif" id="promote" tooltip="Promote Item" statusmsg="Promote Item" disabled="true">Promote  </button>    
    <button image="icons/20x20keysearch.gif"   id="search"    tooltip="Run Search"    statusmsg="Run Search"> Run Search </button>
    <!--
    <button image="icons/20x20tmpltsearch.gif" id="filter"    tooltip="Apply Filter"  statusmsg="Apply Filter" > Apply Filter </button>
    -->
    <edit   id="page_size" label="Page Size:" text="" size="2"/>
    <button disabled="true" image="icons/prev_page.gif"        id="prev_page" tooltip="Previous Page" statusmsg="Previous Page" > Previous Page </button>
    <button disabled="true" image="icons/next_page.gif"        id="next_page" tooltip="Next Page"     statusmsg="Next Page" > Next Page </button>
    <separator/>
    <button image="../images/Icons/20x20/20x20_view.gif" id="show_item"     tooltip="View item"     statusmsg="View item"> View </button>
    <button image="../images/Icons/16x16/16x16_relationship.gif" id="show_relationship"     tooltip="View relationship"     statusmsg="View relationship"> View Relationship </button>
    <separator/>
    <!--
    <button state="0" disabled="true" image="../images/Icons/16x16/16x16_filter.gif" id="show_hidden" tooltip="Show hidden properties" statusmsg="Show hidden properties" > Show hidden properties </button>
    <separator/>
    -->
    <button disabled="true" image="../images/Icons/16x16/16x16_fileCopy.gif" id="get_files" tooltip="Get Copy of Files (for relationship)" statusmsg="Get Copy of Files (for relationship)"  invisible="true"> Get Copy of Files </button>
    <button disabled="true" image="../images/Icons/16x16/16x16_checkout.gif" id="checkout" tooltip="Check out Files (for relationship)" statusmsg="Check out Files (for relationship)"  invisible="true"> Check out Files </button>
    <button disabled="true" image="../images/Icons/16x16/16x16_checkin.gif" id="checkin" tooltip="Check in Files (for relationship)" statusmsg="Check in Files (for relationship)" invisible="true" > Check in Files </button>
    <separator/>
    <button disabled="true" image="../images/Icons/16x16/16x16_fileCopy.gif" id="get_files_related" tooltip="Get Copy of Files (for related)" statusmsg="Get Copy of Files (for related)" invisible="true" > Get Copy of Files (related) </button>
    <button disabled="true" image="../images/Icons/16x16/16x16_checkout.gif" id="checkout_related" tooltip="Check out Files (for related)" statusmsg="Check out Files (for related)" invisible="true" > Check out Files (related) </button>
    <button disabled="true" image="../images/Icons/16x16/16x16_checkin.gif" id="checkin_related" tooltip="Check in Files (for related)" statusmsg="Check in Files (for related)" invisible="true" > Check in Files (related) </button>
    <separator/>
    <button  image="../images/Icons/16x16/16x16_copy.gif" id="copy2clipboard" tooltip="Copy Relationship to Clipboard" statusmsg="Copy Relationship to Clipboard" > Copy </button>
    <button  image="../images/Icons/16x16/16x16_paste.gif" id="paste" tooltip="Paste last copied relationships" statusmsg="Paste" > Paste </button>
<!-- 
    <button  image="../images/Icons/16x16/16x16_paste_special.gif" id="paste_special" tooltip="Paste Special" statusmsg="Paste Special" > Paste Special </button> 
    <button  image="../images/Icons/16x16/16x16_show_clipboard.gif" id="show_clipboard" tooltip="Show Clipboard" statusmsg="Show Clipboard" > Show Clipboard </button> 
-->
    <button  image="../images/Icons/16x16/16x16_selectall.gif" id="select_all" tooltip="Select All" statusmsg="Select All" > Select All </button> 
  </toolbar>


</toolbarapplet>
