﻿<?xml version="1.0" encoding="UTF-8"?>
<toolbarapplet on_load="onSearchBarAppletLoad" on_click="onClickItem" buttonstyle="windows" buttonsize="26,24" bottom_border="1" font="Arial-8">
	<toolbar id="simple">
		<!--
    <button image="icons/20x20advsearch.gif"   id="advanced_search" state="1" tooltip="Advanced Search Mode"       statusmsg="Advanced Search Mode">Advanced Search  </button>
    <button disabled="true" image="icons/20x20tmpltsearch.gif" id="filter"        tooltip="Apply Filter"     statusmsg="Apply Filter">Filter  </button>
    -->
		<button image="icons/20x20keysearch.gif" id="search" tooltip="Run Search" statusmsg="Run Search"> Search</button>
		<button image="icons/20x20newsearch.gif" id="newsearch" tooltip="Clear Search Criteria" statusmsg="Clear Search Criteria"> Clear Criteria</button>
		<button disabled="true" image="icons/20x20stop.gif" id="stop_search" tooltip="Stop Search" statusmsg="Stop Search">Stop Search</button>
		<separator/>
		<button image="icons/20x20_eye1.gif" id="lookup" tooltip="Lookup" statusmsg="Lookup"> Lookup</button>
		<separator/>
		<button image="icons/20x20selectall.gif" id="select_all" tooltip="Select All" statusmsg="Select All"> Select All</button>
		<separator/>
		<edit id="page_size" label="Page Size:" text="100" size="2"/>
		<button disabled="true" image="icons/prev_page.gif" id="prev_page" tooltip="Previous Page" statusmsg="Previous Page"> Prev page</button>
		<button disabled="true" image="icons/next_page.gif" id="next_page" tooltip="Next Page" statusmsg="Next Page"> Next page</button>
		<separator/>
		<edit id="max_search" label="Max Results:" text="100" size="4"/>
  <separator/>
  <choice disabled="false" id="query_type" tooltip="Query Type" statusmsg="Query Type" width="80" height="23">
    <choiceitem>Current</choiceitem>
    <choiceitem>Latest</choiceitem>
    <choiceitem>Released</choiceitem>
    <choiceitem>Effective</choiceitem>
  </choice>
  <edit id="query_date" label="As Of:" text=""  disabled="true" size="7"/>
		<button image="icons/20x20pick.gif" id="query_date_calendar" tooltip="Calendar" statusmsg="Calendar">Calendar</button>
	</toolbar>
	<toolbar id="advanced">
		<button image="icons/20x20keysearch.gif" id="search" tooltip="Run Search" statusmsg="Run Search"> Search</button>
		<button image="icons/20x20newsearch.gif" id="newsearch" tooltip="Clear Search Criteria" statusmsg="Clear Search Criteria"> Clear Criteria</button>
		<separator/>
		<button image="icons/20x20expandnode.gif" id="add_criteria" tooltip="Add Criteria" statusmsg="Add Criteria">  Add Criteria</button>
		<button image="icons/20x20_eye1.gif" id="lookup" tooltip="Lookup" statusmsg="Lookup">  Lookup</button>
		<separator/>
		<button image="icons/20x20selectall.gif" id="select_all" tooltip="Select All" statusmsg="Select All"> Select All</button>
		<separator/>
		<edit id="page_size" label="Page Size:" text="100" size="2"/>
		<button disabled="true" image="icons/prev_page.gif" id="prev_page" tooltip="Previous Page" statusmsg="Previous Page"> Prev page</button>
		<button disabled="true" image="icons/next_page.gif" id="next_page" tooltip="Next Page" statusmsg="Next Page"> Next page</button>
		<separator/>
		<edit id="max_search" label="Max Results:" text="100" size="4"/>
  <separator/>
  <choice disabled="false" id="query_type" tooltip="Query Type" statusmsg="Query Type" width="80" height="23">
    <choiceitem>Current</choiceitem>
    <choiceitem>Latest</choiceitem>
    <choiceitem>Released</choiceitem>
    <choiceitem>Effective</choiceitem>
  </choice>
  <edit id="query_date" label="As Of:" text="Today" size="7"/>
		<button image="icons/20x20pick.gif" id="query_date_calendar" tooltip="Calendar" statusmsg="Calendar">Calendar</button>
		<separator/>
	</toolbar>
	<toolbar id="form">
		<button image="icons/20x20keysearch.gif" id="search" tooltip="Run Search" statusmsg="Run Search"> Search</button>
		<button image="icons/20x20newsearch.gif" id="newsearch" tooltip="Clear Search Criteria" statusmsg="Clear Search Criteria"> Clear Criteria</button>
		<separator/>
		<button image="icons/20x20selectall.gif" id="select_all" tooltip="Select All" statusmsg="Select All"> Select All</button>
		<separator/>
		<edit id="page_size" label="Page Size:" text="100" size="2"/>
		<button disabled="true" image="icons/prev_page.gif" id="prev_page" tooltip="Previous Page" statusmsg="Previous Page"> Prev page</button>
		<button disabled="true" image="icons/next_page.gif" id="next_page" tooltip="Next Page" statusmsg="Next Page"> Next page</button>
		<separator/>
		<edit id="max_search" label="Max Results:" text="100" size="4"/>
  <separator/>
  <choice disabled="false" id="query_type" tooltip="Query Type" statusmsg="Query Type" width="80" height="23">
    <choiceitem>Current</choiceitem>
    <choiceitem>Latest</choiceitem>
    <choiceitem>Released</choiceitem>
    <choiceitem>Effective</choiceitem>
  </choice>
  <edit id="query_date" label="As Of:" text="Today" size="7"/>
		<button image="icons/20x20pick.gif" id="query_date_calendar" tooltip="Calendar" statusmsg="Calendar">Calendar</button>
		<separator/>
	</toolbar>
</toolbarapplet>
