﻿<?xml version="1.0" encoding="UTF-8"?>
<xml>
    <item index="0" name="status" type="both" value="">
      <font family="Dialog" size="8" bold="1" italic="0"/>
    </item>
    <item index="1" name="currpage" width="25%" type="both">
      <font family="Dialog" size="8" bold="0" italic="0"/>
    </item>
    <item index="2" name="branding" width="15%" type="both">
      <url>../images/logos/branding.gif</url>
      <font family="Dialog" size="8" bold="0" italic="0"/>
    </item>
</xml>

