﻿<AML>
 <Item type="Grid" id="D887C695F5CC476EA59724B55975AFA5" action="add">
  <name>Customer Issues</name>
  <query><![CDATA[<Item type="QS Issue" action="get" select="state,item_number,description,customer_id"><customer_id>{id}</customer_id></Item>]]></query>
  <Relationships>
   <Item type="Grid Column" id="419B1633D55F41408D33F052F3C2E323" action="add">
    <align>center</align>
    <datatype>default</datatype>
    <label>Status</label>
    <property>state</property>
    <sort_order>30</sort_order>
    <source_id keyed_name="Customer Issues" type="Grid">D887C695F5CC476EA59724B55975AFA5</source_id>
    <starts_nested_row>0</starts_nested_row>
    <visible>1</visible>
    <width>100</width>
    <xpath>.</xpath>
   </Item>
   <Item type="Grid Column" id="6460264AEF164ED591CA28D70C5A6F3A" action="add">
    <align>left</align>
    <datatype>default</datatype>
    <label>Hidden</label>
    <property>id</property>
    <sort_order>10</sort_order>
    <source_id keyed_name="Customer Issues" type="Grid">D887C695F5CC476EA59724B55975AFA5</source_id>
    <starts_nested_row>0</starts_nested_row>
    <visible>0</visible>
    <width>30</width>
    <xpath>AML/Item</xpath>
   </Item>
   <Item type="Grid Column" id="A116302FB68D4587B2685DB7A1F0E29D" action="add">
    <align>left</align>
    <datatype>default</datatype>
    <label>Description</label>
    <property>description</property>
    <sort_order>40</sort_order>
    <source_id keyed_name="Customer Issues" type="Grid">D887C695F5CC476EA59724B55975AFA5</source_id>
    <starts_nested_row>0</starts_nested_row>
    <visible>1</visible>
    <width>600</width>
    <xpath>.</xpath>
   </Item>
  
   <Item type="Grid Column" id="E8F9DD0FB1A140AFA4EAECBBAAC3BF19" action="add">
    <align>left</align>
    <datatype>default</datatype>
    <label>Number</label>
    <property>item_number</property>
    <sort_order>20</sort_order>
    <source_id keyed_name="Customer Issues" type="Grid">D887C695F5CC476EA59724B55975AFA5</source_id>
    <starts_nested_row>0</starts_nested_row>
    <visible>1</visible>
    <width>100</width>
    <xpath>.</xpath>
   </Item></Relationships>
 </Item>
</AML>