﻿<?xml version="1.0" encoding="UTF-8"?>
<ui_resources>
 
  <!-- +++++ PLM\Client\javascript\gridTools.js +++++ -->
  <resource key="gridtools.cannot_get_relship_id" value="Can not get relationship with id = {0}"/>
  <resource key="gridtools.ok" value="It\'s Ok."/>
  <resource key="gridtools.rel_item_not_found" value="Related (&quot;{0}&quot;) item with id &quot;{1}&quot; not found."/>
  <resource key="gridtools.view" value="View &quot;{0}&quot;"/>
  <resource key="gridtools.new" value="Neu" />
  <resource key="gridtools.delete" value="Löschen" />
  <!--       PLM\Client\javascript\gridTools.js       -->
  
  <!-- +++++ PLM\Client\javascript\relationships_method.js +++++ -->
  <resource key="relationships_method.select_relship" value="Select relationship, please!"/>
  <resource key="relationships_method.already_opened" value="This item is already opened.
  
  And it\'s opened not from this configuration.
  
  You should be careful to not lose your data."/>
  <!--       PLM\Client\javascript\relationships_method.js       -->
  
  <!-- +++++ PLM\Client\scripts\Affected Items\ +++++ -->
  <resource key="affected_items.superseding_rev" value="Superseding Rev"/>
  <resource key="affected_items.getting_rt" value="   Getting RelationshipType ..."/>
  <resource key="affected_items.revision" value="Rev"/>
  <resource key="affected_items.choose_type" value="Choose type, please"/>
  <resource key="affected_items.revision_full" value="Revision"/>
  <resource key="affected_items.ecn" value="ECN"/>
  <resource key="affected_items.ecr" value="ECR"/>
  <resource key="affected_items.pr" value="PR"/>
  <!--       PLM\Client\scripts\Affected Items\       -->
  
  <!-- +++++ PLM\Client\scripts\ManufacturedParts\Parts.html +++++ -->
  <resource key="status_mes.get_props" value="Lade Eigenschaften …" />
  <resource key="status_mes.formatting_columns" value="Formatiere Spalten …" />
  <resource key="status_mes.get_grid_data" value="Lade Tabellen Daten …" />
  <resource key="status_mes.populating_grid" value="Bevölkere Tabelle …" />
  <!--       PLM\Client\scripts\ManufacturedParts\Parts.html       -->
  
  <!-- +++++ PLM\Import\Methods\checkAffectedType.xml +++++ -->
  <resource key="checkaffectedtype.can_not_get" value="Can not get 'Change Controlled Item' with id='{0}'"/>
  <resource key="checkaffectedtype.same_affected_superseding_numbers" value="Type of Affected Number item is '{0}', and type of Superseding Number item is '{1}', but they should be the same"/>
  <!--       PLM\Import\Methods\checkAffectedType.xml       -->
  
  <!-- +++++ PLM\Import\Methods\checkAffectedTypeOnForm.xml +++++ -->
  <resource key="checkaffectedtypeonform.same_affected_superseding_types" value="Type of Affected Number item is '{0}', and type of Superseding Number item is '{1}', but they should be the same"/>
  <!--       PLM\Import\Methods\checkAffectedTypeOnForm.xml       -->
  
  <!-- +++++ PLM\Import\Methods +++++ -->
  <resource key="launch_aml_editor.related_part_is_empty" value="Related Part is empty for the selected relationship."/>
  <resource key="launch_aml_editor.no_parts_found" value="No Parts found."/>
  <resource key="simple_cmm_onoff.ready" value="Ready"/>
  <!--       PLM\Import\Methods       -->
  
  <!-- +++++ PLM\Import\ +++++ -->
  <resource key="plm_import.cad_model" value="CAD Modell" />
  <resource key="plm_import.properties" value="Eigenschaften" />
  <resource key="plm_import.drawing" value="Zeichnung" />
  <resource key="plm_import.rev" value="REV"/>
  <resource key="plm_import.miscellaneous" value="Miscellaneous"/>
  <resource key="plm_import.software" value="Software"/>
  <resource key="plm_import.specification" value="Anforderung" />
  <resource key="plm_import.state" value="STATE"/>
  <resource key="plm_import.assembly" value="Assembly"/>
  <resource key="plm_import.component" value="Component"/>
  <resource key="plm_import.cost" value="COST"/>
  <resource key="plm_import.material" value="Werkstoff" />
  <!--       PLM\Import\       -->
</ui_resources>