﻿<AML>
 <Item type="List" id="B0AD8FBF9E86489788A0B3ABAA2CC027" action="add">
  <description>List of corporate plants, not filter list</description>
  <name>Corporate Plants - not filter</name>
  <Relationships>
   <Item type="Value" id="FEF4A780E0074B5FB4E40EED7FEBFDBE" action="add">
    <label>Akron, OH</label>
    <sort_order>4</sort_order>
    <source_id keyed_name="Corporate Plants - not filter" type="List">B0AD8FBF9E86489788A0B3ABAA2CC027</source_id>
    <value>Akron, OH</value>
   </Item>
   <Item type="Value" id="2104E251F5BE4916B494DD45FE5EA2F7" action="add">
    <label>Antwerp, Belgium</label>
    <sort_order>8</sort_order>
    <source_id keyed_name="Corporate Plants - not filter" type="List">B0AD8FBF9E86489788A0B3ABAA2CC027</source_id>
    <value>Antwerp, Belgium</value>
   </Item>
   <Item type="Value" id="E1620339471A46C5A989102BF033797E" action="add">
    <label>Berea, KY</label>
    <sort_order>12</sort_order>
    <source_id keyed_name="Corporate Plants - not filter" type="List">B0AD8FBF9E86489788A0B3ABAA2CC027</source_id>
    <value>Berea, KY</value>
   </Item>
   <Item type="Value" id="77CBBB7A10C348108B3B8F328031F853" action="add">
    <label>Bristol, IN</label>
    <sort_order>16</sort_order>
    <source_id keyed_name="Corporate Plants - not filter" type="List">B0AD8FBF9E86489788A0B3ABAA2CC027</source_id>
    <value>Bristol, IN</value>
   </Item>
   <Item type="Value" id="FA2DE8DBE86F492A92A736C4500042F6" action="add">
    <label>Cadillac, MI</label>
    <sort_order>20</sort_order>
    <source_id keyed_name="Corporate Plants - not filter" type="List">B0AD8FBF9E86489788A0B3ABAA2CC027</source_id>
    <value>Cadillac, MI</value>
   </Item>
   <Item type="Value" id="6B1E42B4F03F4EBFA9FB764447733C3E" action="add">
    <label>Campiglione, Italy</label>
    <sort_order>24</sort_order>
    <source_id keyed_name="Corporate Plants - not filter" type="List">B0AD8FBF9E86489788A0B3ABAA2CC027</source_id>
    <value>Campiglione, Italy</value>
   </Item>
   <Item type="Value" id="D4458668151C4465AF8BF15DA1870336" action="add">
    <label>Chihuahua, MX</label>
    <sort_order>28</sort_order>
    <source_id keyed_name="Corporate Plants - not filter" type="List">B0AD8FBF9E86489788A0B3ABAA2CC027</source_id>
    <value>Chihuahua, MX</value>
   </Item>
   <Item type="Value" id="CC6245286FFB4AFDB54732473400CC02" action="add">
    <label>China Plant 5</label>
    <sort_order>260</sort_order>
    <source_id keyed_name="Corporate Plants - not filter" type="List">B0AD8FBF9E86489788A0B3ABAA2CC027</source_id>
    <value>China Plant 5</value>
   </Item>
   <Item type="Value" id="67176D7509CF4BC7A86B07F111E49A0B" action="add">
    <label>Dello, Italy</label>
    <sort_order>32</sort_order>
    <source_id keyed_name="Corporate Plants - not filter" type="List">B0AD8FBF9E86489788A0B3ABAA2CC027</source_id>
    <value>Dello, Italy</value>
   </Item>
   <Item type="Value" id="09390A39621E4826B311077432D761E5" action="add">
    <label>Ferndale, MI</label>
    <sort_order>36</sort_order>
    <source_id keyed_name="Corporate Plants - not filter" type="List">B0AD8FBF9E86489788A0B3ABAA2CC027</source_id>
    <value>Ferndale, MI</value>
   </Item>
   <Item type="Value" id="CE0CF38E70A94B4FB8F878013D092101" action="add">
    <label>Gainsville, GA</label>
    <sort_order>40</sort_order>
    <source_id keyed_name="Corporate Plants - not filter" type="List">B0AD8FBF9E86489788A0B3ABAA2CC027</source_id>
    <value>Gainsville, GA</value>
   </Item>
   <Item type="Value" id="8A5D56B8EFBB404186948DD0ACF99B89" action="add">
    <label>Guarulhos, Brazil</label>
    <sort_order>44</sort_order>
    <source_id keyed_name="Corporate Plants - not filter" type="List">B0AD8FBF9E86489788A0B3ABAA2CC027</source_id>
    <value>Guarulhos, Brazil</value>
   </Item>
   <Item type="Value" id="82FFD16B1BCC4FD6AD72FA49A5D34D17" action="add">
    <label>Hoboken (Antwerpen), Belgium</label>
    <sort_order>48</sort_order>
    <source_id keyed_name="Corporate Plants - not filter" type="List">B0AD8FBF9E86489788A0B3ABAA2CC027</source_id>
    <value>Hoboken (Antwerpen), Belgium</value>
   </Item>
   <Item type="Value" id="D6CADA68A3914997B43FF35A4A5A5ACC" action="add">
    <label>Homer, MI</label>
    <sort_order>52</sort_order>
    <source_id keyed_name="Corporate Plants - not filter" type="List">B0AD8FBF9E86489788A0B3ABAA2CC027</source_id>
    <value>Homer, MI</value>
   </Item>
   <Item type="Value" id="AA7E96F7527745E3B610F5EC8976FF9B" action="add">
    <label>Huntington, IN</label>
    <sort_order>56</sort_order>
    <source_id keyed_name="Corporate Plants - not filter" type="List">B0AD8FBF9E86489788A0B3ABAA2CC027</source_id>
    <value>Huntington, IN</value>
   </Item>
   <Item type="Value" id="1401B34AEDC340B9A09AB07AA7F9251D" action="add">
    <label>Johannesburg, South Africa</label>
    <sort_order>60</sort_order>
    <source_id keyed_name="Corporate Plants - not filter" type="List">B0AD8FBF9E86489788A0B3ABAA2CC027</source_id>
    <value>Johannesburg, South Africa</value>
   </Item>
   <Item type="Value" id="C0F793A52E1748649CDE0549898BB9A6" action="add">
    <label>Konigswinter, Germany</label>
    <sort_order>64</sort_order>
    <source_id keyed_name="Corporate Plants - not filter" type="List">B0AD8FBF9E86489788A0B3ABAA2CC027</source_id>
    <value>Konigswinter, Germany</value>
   </Item>
   <Item type="Value" id="9E754D7D442446EDB9884CEC5397FA86" action="add">
    <label>La Mirada, CA</label>
    <sort_order>68</sort_order>
    <source_id keyed_name="Corporate Plants - not filter" type="List">B0AD8FBF9E86489788A0B3ABAA2CC027</source_id>
    <value>La Mirada, CA</value>
   </Item>
   <Item type="Value" id="080217BF0238457CA8D497CED9AAD986" action="add">
    <label>Manisa, Turkey</label>
    <sort_order>76</sort_order>
    <source_id keyed_name="Corporate Plants - not filter" type="List">B0AD8FBF9E86489788A0B3ABAA2CC027</source_id>
    <value>Manisa, Turkey</value>
   </Item>
   <Item type="Value" id="7BA5F0195E114EE68579DCB1A52B6E26" action="add">
    <label>Manresa, Spain</label>
    <sort_order>80</sort_order>
    <source_id keyed_name="Corporate Plants - not filter" type="List">B0AD8FBF9E86489788A0B3ABAA2CC027</source_id>
    <value>Manresa, Spain</value>
   </Item>
   <Item type="Value" id="BD95BEA8D1AD49E3BAFEB96F24282992" action="add">
    <label>Mexico City, MX</label>
    <sort_order>84</sort_order>
    <source_id keyed_name="Corporate Plants - not filter" type="List">B0AD8FBF9E86489788A0B3ABAA2CC027</source_id>
    <value>Mexico City, MX</value>
   </Item>
   <Item type="Value" id="30969645A7CB46618E3203331D3AB5EC" action="add">
    <label>Montague, MI</label>
    <sort_order>88</sort_order>
    <source_id keyed_name="Corporate Plants - not filter" type="List">B0AD8FBF9E86489788A0B3ABAA2CC027</source_id>
    <value>Montague, MI</value>
   </Item>
   <Item type="Value" id="BBBC8AA547C84A9DB792283A9A8725DD" action="add">
    <label>Monterrey, MX</label>
    <sort_order>92</sort_order>
    <source_id keyed_name="Corporate Plants - not filter" type="List">B0AD8FBF9E86489788A0B3ABAA2CC027</source_id>
    <value>Monterrey, MX</value>
   </Item>
   <Item type="Value" id="2E09E595FCA64D6CBE9F117075BD9807" action="add">
    <label>Nieuw Bergen, The Netherlands</label>
    <sort_order>96</sort_order>
    <source_id keyed_name="Corporate Plants - not filter" type="List">B0AD8FBF9E86489788A0B3ABAA2CC027</source_id>
    <value>Nieuw Bergen, The Netherlands</value>
   </Item>
   <Item type="Value" id="CD2C17A5EAA245CDA5F2DBCEF06B5681" action="add">
    <label>Nuevo Laredo, MX</label>
    <sort_order>100</sort_order>
    <source_id keyed_name="Corporate Plants - not filter" type="List">B0AD8FBF9E86489788A0B3ABAA2CC027</source_id>
    <value>Nuevo Laredo, MX</value>
   </Item>
   <Item type="Value" id="306AEE8B830B4FBA941265BD08740708" action="add">
    <label>Light Weight Steel Wheels</label>
    <sort_order>72</sort_order>
    <source_id keyed_name="Corporate Plants - not filter" type="List">B0AD8FBF9E86489788A0B3ABAA2CC027</source_id>
    <value>Ostrava, Czech Republic</value>
   </Item>
   <Item type="Value" id="B2CB8EC5A62443ACB134DB4289874D06" action="add">
    <label>Ostrava, Czech Republic</label>
    <sort_order>104</sort_order>
    <source_id keyed_name="Corporate Plants - not filter" type="List">B0AD8FBF9E86489788A0B3ABAA2CC027</source_id>
    <value>Ostrava, Czech Republic</value>
   </Item>
   <Item type="Value" id="80C95679659D49F885A8ED1922BC5C77" action="add">
    <label>Plant 1</label>
    <sort_order>128</sort_order>
    <source_id keyed_name="Corporate Plants - not filter" type="List">B0AD8FBF9E86489788A0B3ABAA2CC027</source_id>
    <value>Plant 1</value>
   </Item>
   <Item type="Value" id="1A73594F164C4DB293E9BE93A952BEA7" action="add">
    <label>Plant 2</label>
    <sort_order>256</sort_order>
    <source_id keyed_name="Corporate Plants - not filter" type="List">B0AD8FBF9E86489788A0B3ABAA2CC027</source_id>
    <value>Plant 2</value>
   </Item>
   <Item type="Value" id="7C92DC3A2CCA43CB892C5901A2EDEDD6" action="add">
    <label>Plant 3</label>
    <sort_order>384</sort_order>
    <source_id keyed_name="Corporate Plants - not filter" type="List">B0AD8FBF9E86489788A0B3ABAA2CC027</source_id>
    <value>Plant 3</value>
   </Item>
  
   <Item type="Value" id="403E0D4D58D649E484F7B12BF449F579" action="add">
    <label>Pune, India</label>
    <sort_order>108</sort_order>
    <source_id keyed_name="Corporate Plants - not filter" type="List">B0AD8FBF9E86489788A0B3ABAA2CC027</source_id>
    <value>Pune, India</value>
   </Item>
   <Item type="Value" id="9E48F5CBE17F491EAAAB097EB245F253" action="add">
    <label>Sant Joan Despi (Barcelona), Spain</label>
    <sort_order>112</sort_order>
    <source_id keyed_name="Corporate Plants - not filter" type="List">B0AD8FBF9E86489788A0B3ABAA2CC027</source_id>
    <value>Sant Joan Despi (Barcelona), Spain</value>
   </Item>
   <Item type="Value" id="695F6C7F66F74FD4B94C0BAC3FD44C76" action="add">
    <label>Santo Andre, Brazil</label>
    <sort_order>116</sort_order>
    <source_id keyed_name="Corporate Plants - not filter" type="List">B0AD8FBF9E86489788A0B3ABAA2CC027</source_id>
    <value>Santo Andre, Brazil</value>
   </Item>
   <Item type="Value" id="4B654C7C7C7B496BAEC59476EA293730" action="add">
    <label>Sedalia, MO</label>
    <sort_order>120</sort_order>
    <source_id keyed_name="Corporate Plants - not filter" type="List">B0AD8FBF9E86489788A0B3ABAA2CC027</source_id>
    <value>Sedalia, MO</value>
   </Item>
   <Item type="Value" id="4C48E9CC61344CAA9A46573B2ADF4335" action="add">
    <label>Southfield, MI</label>
    <sort_order>124</sort_order>
    <source_id keyed_name="Corporate Plants - not filter" type="List">B0AD8FBF9E86489788A0B3ABAA2CC027</source_id>
    <value>Southfield, MI</value>
   </Item>
   <Item type="Value" id="7E5CBD09E50D4439A973EC39E77DD022" action="add">
    <label>Tegelen, The Netherlands</label>
    <sort_order>128</sort_order>
    <source_id keyed_name="Corporate Plants - not filter" type="List">B0AD8FBF9E86489788A0B3ABAA2CC027</source_id>
    <value>Tegelen, The Netherlands</value>
   </Item>
   <Item type="Value" id="4F394734998A47598AAF4271689E23DF" action="add">
    <label>Wabash, IN</label>
    <sort_order>132</sort_order>
    <source_id keyed_name="Corporate Plants - not filter" type="List">B0AD8FBF9E86489788A0B3ABAA2CC027</source_id>
    <value>Wabash, IN</value>
   </Item></Relationships>
 </Item>
</AML>