﻿<AML>
 <Item type="List" id="3C713157B9D74B099D7A22E630C908A7" action="add">
  <description>Breakdown of the available plants per BU</description>
  <name>Corporate Plants</name>
  <Relationships>
   <Item type="Filter Value" id="BB03CD09825C4D9BBAFE09ABB2AE5703" action="add">
    <filter>BU 1</filter>
    <label>Akron, OH</label>
    <sort_order>2700</sort_order>
    <source_id keyed_name="Corporate Plants" type="List">3C713157B9D74B099D7A22E630C908A7</source_id>
    <value>Akron, OH</value>
   </Item>
   <Item type="Filter Value" id="9AC3A9BEEDF64090A499D82516EC9A04" action="add">
    <filter>BU 2</filter>
    <label>Antwerp, Belgium</label>
    <sort_order>3100</sort_order>
    <source_id keyed_name="Corporate Plants" type="List">3C713157B9D74B099D7A22E630C908A7</source_id>
    <value>Antwerp, Belgium</value>
   </Item>
   <Item type="Filter Value" id="918F1F8CB08E44868988005950F0FD9B" action="add">
    <filter>BU 1</filter>
    <label>Berea, KY</label>
    <sort_order>2800</sort_order>
    <source_id keyed_name="Corporate Plants" type="List">3C713157B9D74B099D7A22E630C908A7</source_id>
    <value>Berea, KY</value>
   </Item>
   <Item type="Filter Value" id="B072084079574950AB8DEA01CC3C6A06" action="add">
    <filter>BU 1</filter>
    <label>Bristol, IN</label>
    <sort_order>1900</sort_order>
    <source_id keyed_name="Corporate Plants" type="List">3C713157B9D74B099D7A22E630C908A7</source_id>
    <value>Bristol, IN</value>
   </Item>
   <Item type="Filter Value" id="6530883F19C44E73898F4986399206B4" action="add">
    <filter>BU 1</filter>
    <label>Cadillac, MI</label>
    <sort_order>2000</sort_order>
    <source_id keyed_name="Corporate Plants" type="List">3C713157B9D74B099D7A22E630C908A7</source_id>
    <value>Cadillac, MI</value>
   </Item>
   <Item type="Filter Value" id="8ED6AD9E92EA441C9F0C413B170646A6" action="add">
    <filter>BU 2</filter>
    <label>Campiglione, Italy</label>
    <sort_order>1100</sort_order>
    <source_id keyed_name="Corporate Plants" type="List">3C713157B9D74B099D7A22E630C908A7</source_id>
    <value>Campiglione, Italy</value>
   </Item>
   <Item type="Filter Value" id="C4DAE42B221640D7AA17F9EFB90E7221" action="add">
    <filter>BU 4</filter>
    <label>Chihuahua, MX</label>
    <sort_order>1300</sort_order>
    <source_id keyed_name="Corporate Plants" type="List">3C713157B9D74B099D7A22E630C908A7</source_id>
    <value>Chihuahua, MX</value>
   </Item>
   <Item type="Filter Value" id="C459E6021CE94C3E912D13ACCA4FDE53" action="add">
    <filter>BU 3</filter>
    <label>China, Guangdong</label>
    <sort_order>3500</sort_order>
    <source_id keyed_name="Corporate Plants" type="List">3C713157B9D74B099D7A22E630C908A7</source_id>
    <value>China, Guangdong</value>
   </Item>
   <Item type="Filter Value" id="7035CD990D064B128C19D3A59F65847B" action="add">
    <filter>BU 3</filter>
    <label>China, Guangxi</label>
    <sort_order>3600</sort_order>
    <source_id keyed_name="Corporate Plants" type="List">3C713157B9D74B099D7A22E630C908A7</source_id>
    <value>China, Guangxi</value>
   </Item>
   <Item type="Filter Value" id="192E7E4E617A4296B54B3E02F0A98A90" action="add">
    <filter>BU 3</filter>
    <label>China, Jiangsu</label>
    <sort_order>3700</sort_order>
    <source_id keyed_name="Corporate Plants" type="List">3C713157B9D74B099D7A22E630C908A7</source_id>
    <value>China, Jiangsu</value>
   </Item>
  
   <Item type="Filter Value" id="ADF06D1CD57F45C7B62360BD6F4B4E42" action="add">
    <filter>BU 3</filter>
    <label>China, Shandong</label>
    <sort_order>3400</sort_order>
    <source_id keyed_name="Corporate Plants" type="List">3C713157B9D74B099D7A22E630C908A7</source_id>
    <value>China, Shandong</value>
   </Item>
   <Item type="Filter Value" id="E39D3DBF38D84F6784989F7E82032AD9" action="add">
    <filter>BU 2</filter>
    <label>Dello, Italy</label>
    <sort_order>1200</sort_order>
    <source_id keyed_name="Corporate Plants" type="List">3C713157B9D74B099D7A22E630C908A7</source_id>
    <value>Dello, Italy</value>
   </Item>
   <Item type="Filter Value" id="D9064D731FF24EDBB3EC461BB477E184" action="add">
    <filter>BU 1</filter>
    <label>Ferndale, MI</label>
    <sort_order>3000</sort_order>
    <source_id keyed_name="Corporate Plants" type="List">3C713157B9D74B099D7A22E630C908A7</source_id>
    <value>Ferndale, MI</value>
   </Item>
   <Item type="Filter Value" id="6CBA3C5552854110AAF7B225527D452A" action="add">
    <filter>BU 1</filter>
    <label>Gainsville, GA</label>
    <sort_order>200</sort_order>
    <source_id keyed_name="Corporate Plants" type="List">3C713157B9D74B099D7A22E630C908A7</source_id>
    <value>Gainsville, GA</value>
   </Item>
   <Item type="Filter Value" id="6BFF1DC56D194555AB1CA99232D5107F" action="add">
    <filter>BU 4</filter>
    <label>Guarulhos, Brazil</label>
    <sort_order>500</sort_order>
    <source_id keyed_name="Corporate Plants" type="List">3C713157B9D74B099D7A22E630C908A7</source_id>
    <value>Guarulhos, Brazil</value>
   </Item>
   <Item type="Filter Value" id="CED5F04089604C0F830ACF8A32E557F5" action="add">
    <filter>BU 2</filter>
    <label>Hoboken (Antwerpen), Belgium</label>
    <sort_order>1400</sort_order>
    <source_id keyed_name="Corporate Plants" type="List">3C713157B9D74B099D7A22E630C908A7</source_id>
    <value>Hoboken (Antwerpen), Belgium</value>
   </Item>
   <Item type="Filter Value" id="429564D017444C82A4FB5BF7D9169E1D" action="add">
    <filter>BU 1</filter>
    <label>Homer, MI</label>
    <sort_order>2300</sort_order>
    <source_id keyed_name="Corporate Plants" type="List">3C713157B9D74B099D7A22E630C908A7</source_id>
    <value>Homer, MI</value>
   </Item>
   <Item type="Filter Value" id="18211669D7534790ABCB3D61D2773FE0" action="add">
    <filter>BU 1</filter>
    <label>Huntington, IN</label>
    <sort_order>300</sort_order>
    <source_id keyed_name="Corporate Plants" type="List">3C713157B9D74B099D7A22E630C908A7</source_id>
    <value>Huntington, IN</value>
   </Item>
   <Item type="Filter Value" id="358BCBECD9704E1688CA591C0DC372B6" action="add">
    <filter>BU 2</filter>
    <label>Johannesburg, South Africa</label>
    <sort_order>1500</sort_order>
    <source_id keyed_name="Corporate Plants" type="List">3C713157B9D74B099D7A22E630C908A7</source_id>
    <value>Johannesburg, South Africa</value>
   </Item>
   <Item type="Filter Value" id="C6268A3375BA4DBC81051864F9A72F15" action="add">
    <filter>BU 2</filter>
    <label>Konigswinter, Germany</label>
    <sort_order>600</sort_order>
    <source_id keyed_name="Corporate Plants" type="List">3C713157B9D74B099D7A22E630C908A7</source_id>
    <value>Konigswinter, Germany</value>
   </Item>
   <Item type="Filter Value" id="6D2DACF283944070B1E513F4E1511688" action="add">
    <filter>BU 1</filter>
    <label>La Mirada, CA</label>
    <sort_order>400</sort_order>
    <source_id keyed_name="Corporate Plants" type="List">3C713157B9D74B099D7A22E630C908A7</source_id>
    <value>La Mirada, CA</value>
   </Item>
   <Item type="Filter Value" id="07772A1B3E634CDA865B8D924370A068" action="add">
    <filter>BU 2</filter>
    <label>Manisa, Turkey</label>
    <sort_order>700</sort_order>
    <source_id keyed_name="Corporate Plants" type="List">3C713157B9D74B099D7A22E630C908A7</source_id>
    <value>Manisa, Turkey</value>
   </Item>
   <Item type="Filter Value" id="357E10F1DAE34B40AAC8EB3D939FEADE" action="add">
    <filter>BU 2</filter>
    <label>Manresa, Spain</label>
    <sort_order>800</sort_order>
    <source_id keyed_name="Corporate Plants" type="List">3C713157B9D74B099D7A22E630C908A7</source_id>
    <value>Manresa, Spain</value>
   </Item>
   <Item type="Filter Value" id="D12BCAC532B44FFE92413D9B32E49A94" action="add">
    <filter>BU 4</filter>
    <label>Mexico City, MX</label>
    <sort_order>2900</sort_order>
    <source_id keyed_name="Corporate Plants" type="List">3C713157B9D74B099D7A22E630C908A7</source_id>
    <value>Mexico City, MX</value>
   </Item>
   <Item type="Filter Value" id="D37BB1D8C31C42888933096996E111AA" action="add">
    <filter>BU 1</filter>
    <label>Montague, MI</label>
    <sort_order>2100</sort_order>
    <source_id keyed_name="Corporate Plants" type="List">3C713157B9D74B099D7A22E630C908A7</source_id>
    <value>Montague, MI</value>
   </Item>
   <Item type="Filter Value" id="26263E8715CF41EBAF37CF0827BA03B7" action="add">
    <filter>BU 4</filter>
    <label>Monterrey, MX</label>
    <sort_order>2400</sort_order>
    <source_id keyed_name="Corporate Plants" type="List">3C713157B9D74B099D7A22E630C908A7</source_id>
    <value>Monterrey, MX</value>
   </Item>
   <Item type="Filter Value" id="07619381632C4D9295996C71A98ECA19" action="add">
    <filter>BU 2</filter>
    <label>Nieuw Bergen, The Netherlands</label>
    <sort_order>3200</sort_order>
    <source_id keyed_name="Corporate Plants" type="List">3C713157B9D74B099D7A22E630C908A7</source_id>
    <value>Nieuw Bergen, The Netherlands</value>
   </Item>
   <Item type="Filter Value" id="721ECBCC40834958A2CD0BDD8896A28A" action="add">
    <filter>BU 4</filter>
    <label>Nuevo Laredo, MX</label>
    <sort_order>2600</sort_order>
    <source_id keyed_name="Corporate Plants" type="List">3C713157B9D74B099D7A22E630C908A7</source_id>
    <value>Nuevo Laredo, MX</value>
   </Item>
   <Item type="Filter Value" id="CBCCE8A59D8C4639BE408F8492D39FD2" action="add">
    <filter>BU 2</filter>
    <label>Ostrava, Czech Republic</label>
    <sort_order>1600</sort_order>
    <source_id keyed_name="Corporate Plants" type="List">3C713157B9D74B099D7A22E630C908A7</source_id>
    <value>Ostrava, Czech Republic</value>
   </Item>
   <Item type="Filter Value" id="CE6D5F9583544F70A40D2006D8F2176D" action="add">
    <filter>BU 2</filter>
    <label>Ostrava, Czech Republic</label>
    <sort_order>900</sort_order>
    <source_id keyed_name="Corporate Plants" type="List">3C713157B9D74B099D7A22E630C908A7</source_id>
    <value>Ostrava, Czech Republic</value>
   </Item>
   <Item type="Filter Value" id="CAEFF14E6F7E46DF982F9E718FE12CAD" action="add">
    <filter>BU 3</filter>
    <label>Pune, India</label>
    <sort_order>1000</sort_order>
    <source_id keyed_name="Corporate Plants" type="List">3C713157B9D74B099D7A22E630C908A7</source_id>
    <value>Pune, India</value>
   </Item>
   <Item type="Filter Value" id="92942F8EBD9C4E79B1C8E92C1FF267E4" action="add">
    <filter>BU 2</filter>
    <label>Sant Joan Despi (Barcelona), Spain</label>
    <sort_order>1700</sort_order>
    <source_id keyed_name="Corporate Plants" type="List">3C713157B9D74B099D7A22E630C908A7</source_id>
    <value>Sant Joan Despi (Barcelona), Spain</value>
   </Item>
   <Item type="Filter Value" id="2206251EDDA54125933075E9371016EC" action="add">
    <filter>BU 4</filter>
    <label>Santo Andre, Brazil</label>
    <sort_order>1800</sort_order>
    <source_id keyed_name="Corporate Plants" type="List">3C713157B9D74B099D7A22E630C908A7</source_id>
    <value>Santo Andre, Brazil</value>
   </Item>
   <Item type="Filter Value" id="9F922CAAF1004729A2F9CDE002596D27" action="add">
    <filter>BU 1</filter>
    <label>Sedalia, MO</label>
    <sort_order>100</sort_order>
    <source_id keyed_name="Corporate Plants" type="List">3C713157B9D74B099D7A22E630C908A7</source_id>
    <value>Sedalia, MO</value>
   </Item>
   <Item type="Filter Value" id="9047843763574F38AA2A9C95BC8B9A1F" action="add">
    <filter>BU 1</filter>
    <label>Southfield, MI</label>
    <sort_order>2200</sort_order>
    <source_id keyed_name="Corporate Plants" type="List">3C713157B9D74B099D7A22E630C908A7</source_id>
    <value>Southfield, MI</value>
   </Item>
   <Item type="Filter Value" id="51F5FF11232844528C8489C4A6ED4B28" action="add">
    <filter>BU 2</filter>
    <label>Tegelen, The Netherlands</label>
    <sort_order>3300</sort_order>
    <source_id keyed_name="Corporate Plants" type="List">3C713157B9D74B099D7A22E630C908A7</source_id>
    <value>Tegelen, The Netherlands</value>
   </Item>
   <Item type="Filter Value" id="511F428EDBA84DB286572B25EBC896BC" action="add">
    <filter>BU 1</filter>
    <label>Wabash, IN</label>
    <sort_order>2500</sort_order>
    <source_id keyed_name="Corporate Plants" type="List">3C713157B9D74B099D7A22E630C908A7</source_id>
    <value>Wabash, IN</value>
   </Item></Relationships>
 </Item>
</AML>