﻿<AML>
 <Item type="List" id="363E07736C8445C89A526A215D2B5438" action="add">
  <description>How critical is the material hold</description>
  <name>Criticality</name>
  <Relationships>
   <Item type="Value" id="4FC987037CF34C75917466D77986F569" action="add">
    <label>High</label>
    <sort_order>384</sort_order>
    <source_id keyed_name="Criticality" type="List">363E07736C8445C89A526A215D2B5438</source_id>
    <value>High</value>
   </Item>
  
   <Item type="Value" id="3CF34D5DE6AB465D9EB7491E32C28622" action="add">
    <label>Low</label>
    <sort_order>128</sort_order>
    <source_id keyed_name="Criticality" type="List">363E07736C8445C89A526A215D2B5438</source_id>
    <value>Low</value>
   </Item>
   <Item type="Value" id="088D8ADE8A9544C9BD5E417669558E12" action="add">
    <label>Medium</label>
    <sort_order>256</sort_order>
    <source_id keyed_name="Criticality" type="List">363E07736C8445C89A526A215D2B5438</source_id>
    <value>Medium</value>
   </Item></Relationships>
 </Item>
</AML>