﻿<AML>
 <Item type="Permission" id="774A3C96AAC04B41B9B5BF6D3C60BF19" action="add">
  <is_private>0</is_private>
  <name>CAR</name>
  <Relationships>
   <Item type="Access" id="1456BC58373B4404A89FFDFA249DE40B" action="add">
    <can_change_access>1</can_change_access>
    <can_delete>0</can_delete>
    <can_get>1</can_get>
    <can_update>1</can_update>
    <related_id keyed_name="All Employees" type="Identity">B32BD81D1AD04207BF1E61E39A4E0E13</related_id>
    <sort_order>256</sort_order>
    <source_id keyed_name="CAR" type="Permission">774A3C96AAC04B41B9B5BF6D3C60BF19</source_id>
   </Item>
   <Item type="Access" id="80E369A484EB45A7AE2C182966DE617B" action="add">
    <can_change_access>1</can_change_access>
    <can_delete>1</can_delete>
    <can_get>1</can_get>
    <can_update>1</can_update>
    <related_id keyed_name="Innovator Admin" type="Identity">
     <Item type="Identity" action="get" select="id">
      <name>Innovator Admin</name>
     </Item>
    </related_id>
    <sort_order>384</sort_order>
    <source_id keyed_name="CAR" type="Permission">774A3C96AAC04B41B9B5BF6D3C60BF19</source_id>
   </Item>
  
   <Item type="Access" id="243C62300C2543198B8FD415A03A7AAA" action="add">
    <can_change_access>0</can_change_access>
    <can_delete>0</can_delete>
    <can_get>0</can_get>
    <can_update>0</can_update>
    <related_id keyed_name="World" type="Identity">
     <Item type="Identity" action="get" select="id">
      <name>World</name>
     </Item>
    </related_id>
    <sort_order>128</sort_order>
    <source_id keyed_name="CAR" type="Permission">774A3C96AAC04B41B9B5BF6D3C60BF19</source_id>
   </Item></Relationships>
 </Item>
</AML>