﻿<AML>
 <Item type="Permission" id="1531FCB0A2CE47998D1C03FC7D42055A" action="add">
  <is_private>0</is_private>
  <name>Devation - Waiver</name>
  <Relationships>
   <Item type="Access" id="00AAC0CB392D4E12B7157F5F6658DCE2" action="add">
    <can_change_access>1</can_change_access>
    <can_delete>1</can_delete>
    <can_get>1</can_get>
    <can_update>1</can_update>
    <related_id keyed_name="Administrators" type="Identity">2618D6F5A90949BAA7E920D1B04C7EE1</related_id>
    <sort_order>256</sort_order>
    <source_id keyed_name="Devation - Waiver" type="Permission">1531FCB0A2CE47998D1C03FC7D42055A</source_id>
   </Item>
   <Item type="Access" id="C677735D566E4BD39CCD09B14D6B99F7" action="add">
    <can_change_access>1</can_change_access>
    <can_delete>1</can_delete>
    <can_get>1</can_get>
    <can_update>1</can_update>
    <related_id keyed_name="World" type="Identity">
     <Item type="Identity" action="get" select="id">
      <name>World</name>
     </Item>
    </related_id>
    <sort_order>128</sort_order>
    <source_id keyed_name="Devation - Waiver" type="Permission">1531FCB0A2CE47998D1C03FC7D42055A</source_id>
   </Item>
  </Relationships>
 </Item>
</AML>