﻿<AML>
 <Item type="Permission" id="4233967E293744BABAB3279B4B3FB972" action="add">
  <is_private>0</is_private>
  <name>Five Whys</name>
  <Relationships>
   <Item type="Access" id="E9CDBAC15B9E41578FB60B2303A86278" action="add">
    <can_change_access>1</can_change_access>
    <can_delete>1</can_delete>
    <can_get>1</can_get>
    <can_update>1</can_update>
    <related_id keyed_name="Administrators" type="Identity">2618D6F5A90949BAA7E920D1B04C7EE1</related_id>
    <sort_order>128</sort_order>
    <source_id keyed_name="Five Whys" type="Permission">4233967E293744BABAB3279B4B3FB972</source_id>
   </Item>
  
   <Item type="Access" id="D86A08B239C745F9B45B23915A677AB5" action="add">
    <can_change_access>1</can_change_access>
    <can_delete>1</can_delete>
    <can_get>1</can_get>
    <can_update>1</can_update>
    <related_id keyed_name="World" type="Identity">
     <Item type="Identity" action="get" select="id">
      <name>World</name>
     </Item>
    </related_id>
    <sort_order>256</sort_order>
    <source_id keyed_name="Five Whys" type="Permission">4233967E293744BABAB3279B4B3FB972</source_id>
   </Item></Relationships>
 </Item>
</AML>