﻿<AML>
 <Item type="Permission" id="CE6F640241F94A96950853E398C6AB0E" action="add">
  <is_private>0</is_private>
  <name>Hold Notice</name>
  <Relationships>
   <Item type="Access" id="BFB49602636C48ED89CE341B43BDBA19" action="add">
    <can_change_access>1</can_change_access>
    <can_delete>1</can_delete>
    <can_get>1</can_get>
    <can_update>1</can_update>
    <related_id keyed_name="Administrators" type="Identity">2618D6F5A90949BAA7E920D1B04C7EE1</related_id>
    <sort_order>256</sort_order>
    <source_id keyed_name="Hold Notice" type="Permission">CE6F640241F94A96950853E398C6AB0E</source_id>
   </Item>
  
   <Item type="Access" id="8DD42AA7C38F42039D789C340D346430" action="add">
    <can_change_access>1</can_change_access>
    <can_delete>1</can_delete>
    <can_get>1</can_get>
    <can_update>1</can_update>
    <related_id keyed_name="World" type="Identity">
     <Item type="Identity" action="get" select="id">
      <name>World</name>
     </Item>
    </related_id>
    <sort_order>128</sort_order>
    <source_id keyed_name="Hold Notice" type="Permission">CE6F640241F94A96950853E398C6AB0E</source_id>
   </Item></Relationships>
 </Item>
</AML>