﻿<AML>
 <Item type="Permission" id="A6C8354904C24CEC87583C8908329C48" action="add">
  <is_private>0</is_private>
  <name>Issue</name>
  <Relationships>
   <Item type="Access" id="83D8BC71B17E4723A405F27CE29E5C17" action="add">
    <can_change_access>1</can_change_access>
    <can_delete>1</can_delete>
    <can_get>1</can_get>
    <can_update>1</can_update>
    <related_id keyed_name="Administrators" type="Identity">2618D6F5A90949BAA7E920D1B04C7EE1</related_id>
    <sort_order>384</sort_order>
    <source_id keyed_name="Issue" type="Permission">A6C8354904C24CEC87583C8908329C48</source_id>
   </Item>
   <Item type="Access" id="DE92128A5D7845D8AB59914506ACD9CD" action="add">
    <can_change_access>1</can_change_access>
    <can_delete>1</can_delete>
    <can_get>1</can_get>
    <can_update>1</can_update>
    <related_id keyed_name="World" type="Identity">
     <Item type="Identity" action="get" select="id">
      <name>World</name>
     </Item>
    </related_id>
    <sort_order>128</sort_order>
    <source_id keyed_name="Issue" type="Permission">A6C8354904C24CEC87583C8908329C48</source_id>
   </Item>
  </Relationships>
 </Item>
</AML>