﻿<AML>
 <Item type="Permission" id="52CBF72A329649B4969C5BEC6E00CF5A" action="add">
  <is_private>0</is_private>
  <name>Non Conf Mat Purge</name>
  <Relationships>
   <Item type="Access" id="445ACEE7B7EF49B0BD850058653A46B7" action="add">
    <can_change_access>1</can_change_access>
    <can_delete>1</can_delete>
    <can_get>1</can_get>
    <can_update>1</can_update>
    <related_id keyed_name="Administrators" type="Identity">2618D6F5A90949BAA7E920D1B04C7EE1</related_id>
    <sort_order>128</sort_order>
    <source_id keyed_name="Non Conf Mat Purge" type="Permission">52CBF72A329649B4969C5BEC6E00CF5A</source_id>
   </Item>
  
   <Item type="Access" id="1DD38F93A8D14AE4B5850AADD4D9DA56" action="add">
    <can_change_access>1</can_change_access>
    <can_delete>1</can_delete>
    <can_get>1</can_get>
    <can_update>1</can_update>
    <related_id keyed_name="World" type="Identity">
     <Item type="Identity" action="get" select="id">
      <name>World</name>
     </Item>
    </related_id>
    <sort_order>256</sort_order>
    <source_id keyed_name="Non Conf Mat Purge" type="Permission">52CBF72A329649B4969C5BEC6E00CF5A</source_id>
   </Item></Relationships>
 </Item>
</AML>