﻿<AML>
 <Item type="Permission" id="0866A294A82C4A0E8B1B87B66B023BCF" action="add">
  <is_private>0</is_private>
  <name>Rework WO</name>
  <Relationships>
   <Item type="Access" id="B57DA0F991F941D3A5775B3EDA81EF53" action="add">
    <can_change_access>1</can_change_access>
    <can_delete>1</can_delete>
    <can_get>1</can_get>
    <can_update>1</can_update>
    <related_id keyed_name="Administrators" type="Identity">2618D6F5A90949BAA7E920D1B04C7EE1</related_id>
    <sort_order>256</sort_order>
    <source_id keyed_name="Rework WO" type="Permission">0866A294A82C4A0E8B1B87B66B023BCF</source_id>
   </Item>
  
   <Item type="Access" id="0B36D3FE4DA74DE7B9AE66AF146D457E" action="add">
    <can_change_access>1</can_change_access>
    <can_delete>1</can_delete>
    <can_get>1</can_get>
    <can_update>1</can_update>
    <related_id keyed_name="World" type="Identity">
     <Item type="Identity" action="get" select="id">
      <name>World</name>
     </Item>
    </related_id>
    <sort_order>128</sort_order>
    <source_id keyed_name="Rework WO" type="Permission">0866A294A82C4A0E8B1B87B66B023BCF</source_id>
   </Item></Relationships>
 </Item>
</AML>