﻿<AML>
 <Item type="Life Cycle Map" id="272BB74747A64AE188421D00054AD45E" action="add">
  <name>QS Audit</name>
  <start_state keyed_name="Planned" type="Life Cycle State">45327B96D9504BDC9B1DAAB3199F7215</start_state>
  <Relationships>
   <Item type="Life Cycle State" id="F3AC2263219C49D1A091285AD24CFE47" action="add">
    <image>../images/icons/20x20/20x15_lifecycle.gif</image>
    <name>Completed</name>
    <set_is_released>0</set_is_released>
    <set_not_lockable>0</set_not_lockable>
    <sort_order>384</sort_order>
    <source_id keyed_name="QS Audit" type="Life Cycle Map">272BB74747A64AE188421D00054AD45E</source_id>
    <x>378</x>
    <y>29</y>
   </Item>
   <Item type="Life Cycle State" id="8A71892A8FE849C6BCA9C9760D0BC60D" action="add">
    <image>../images/icons/20x20/20x15_lifecycle.gif</image>
    <name>In Process</name>
    <set_is_released>0</set_is_released>
    <set_not_lockable>0</set_not_lockable>
    <sort_order>256</sort_order>
    <source_id keyed_name="QS Audit" type="Life Cycle Map">272BB74747A64AE188421D00054AD45E</source_id>
    <x>234</x>
    <y>29</y>
   </Item>
   <Item type="Life Cycle State" id="45327B96D9504BDC9B1DAAB3199F7215" action="add">
    <image>../images/icons/20x20/20x15_lifecycle.gif</image>
    <name>Planned</name>
    <set_is_released>0</set_is_released>
    <set_not_lockable>0</set_not_lockable>
    <sort_order>128</sort_order>
    <source_id keyed_name="QS Audit" type="Life Cycle Map">272BB74747A64AE188421D00054AD45E</source_id>
    <x>85</x>
    <y>29</y>
   </Item>
   <Item type="Life Cycle Transition" id="3B529EEC3BDE43C5A0520E36049F1EA7" action="add">
    <from_state keyed_name="In Process" type="Life Cycle State">8A71892A8FE849C6BCA9C9760D0BC60D</from_state>
    <get_comment>0</get_comment>
    <role keyed_name="World" type="Identity">
     <Item type="Identity" action="get" select="id">
      <name>World</name>
     </Item>
    </role>
    <segments></segments>
    <sort_order>256</sort_order>
    <source_id keyed_name="QS Audit" type="Life Cycle Map">272BB74747A64AE188421D00054AD45E</source_id>
    <to_state keyed_name="Completed" type="Life Cycle State">F3AC2263219C49D1A091285AD24CFE47</to_state>
    <x>-1</x>
    <y>-1</y>
   </Item>
  
   <Item type="Life Cycle Transition" id="B2BC2744A51F4600A1F2803A6AAFBB89" action="add">
    <from_state keyed_name="Planned" type="Life Cycle State">45327B96D9504BDC9B1DAAB3199F7215</from_state>
    <get_comment>0</get_comment>
    <role keyed_name="World" type="Identity">
     <Item type="Identity" action="get" select="id">
      <name>World</name>
     </Item>
    </role>
    <segments></segments>
    <sort_order>128</sort_order>
    <source_id keyed_name="QS Audit" type="Life Cycle Map">272BB74747A64AE188421D00054AD45E</source_id>
    <to_state keyed_name="In Process" type="Life Cycle State">8A71892A8FE849C6BCA9C9760D0BC60D</to_state>
    <x>46</x>
    <y>12</y>
   </Item></Relationships>
 </Item>
</AML>