﻿<AML>
 <Item type="Life Cycle Map" id="E3CD294C43EF4CED9977B5BD140E4697" action="add">
  <name>QS Hold Notice</name>
  <start_state keyed_name="Active" type="Life Cycle State">6D07AA99E7F44170B9E64C8919576631</start_state>
  <Relationships>
   <Item type="Life Cycle State" id="6D07AA99E7F44170B9E64C8919576631" action="add">
    <image>../images/icons/20x20/20x15_lifecycle.gif</image>
    <name>Active</name>
    <set_is_released>0</set_is_released>
    <set_not_lockable>0</set_not_lockable>
    <sort_order>128</sort_order>
    <source_id keyed_name="QS Hold Notice" type="Life Cycle Map">E3CD294C43EF4CED9977B5BD140E4697</source_id>
    <x>65</x>
    <y>32</y>
   </Item>
   <Item type="Life Cycle State" id="0633EC0677474D10ABA65C90C248E841" action="add">
    <image>../images/icons/20x20/20x15_lifecycle.gif</image>
    <name>Expired</name>
    <set_is_released>0</set_is_released>
    <set_not_lockable>0</set_not_lockable>
    <sort_order>256</sort_order>
    <source_id keyed_name="QS Hold Notice" type="Life Cycle Map">E3CD294C43EF4CED9977B5BD140E4697</source_id>
    <x>235</x>
    <y>32</y>
   </Item>
   <Item type="Life Cycle Transition" id="EC58678E410046DC8E3F4F80EB381614" action="add">
    <from_state keyed_name="Active" type="Life Cycle State">6D07AA99E7F44170B9E64C8919576631</from_state>
    <get_comment>0</get_comment>
    <role keyed_name="World" type="Identity">
     <Item type="Identity" action="get" select="id">
      <name>World</name>
     </Item>
    </role>
    <sort_order>128</sort_order>
    <source_id keyed_name="QS Hold Notice" type="Life Cycle Map">E3CD294C43EF4CED9977B5BD140E4697</source_id>
    <to_state keyed_name="Expired" type="Life Cycle State">0633EC0677474D10ABA65C90C248E841</to_state>
   </Item>
  </Relationships>
 </Item>
</AML>