﻿<AML>
 <Item type="Life Cycle Map" id="4ABD7CED084E4687A9386CAB5CECB3C5" action="add">
  <description>Non-Conformance Report</description>
  <name>QS NCR</name>
  <start_state keyed_name="Originated" type="Life Cycle State">EE3467EE34C84A868B013073AEF670CF</start_state>
  <Relationships>
   <Item type="Life Cycle State" id="5BADE7B3DBB94E64865CC2D13794C511" action="add">
    <image>../images/icons/20x20/20x15_lifecycle.gif</image>
    <name>Approved</name>
    <set_is_released>1</set_is_released>
    <set_not_lockable>0</set_not_lockable>
    <sort_order>384</sort_order>
    <source_id keyed_name="QS NCR" type="Life Cycle Map">4ABD7CED084E4687A9386CAB5CECB3C5</source_id>
    <x>360</x>
    <y>61</y>
   </Item>
   <Item type="Life Cycle State" id="20BCBE1FAE0D4843B451FA79B1EE1280" action="add">
    <image>../images/icons/20x20/20x15_lifecycle.gif</image>
    <name>In Review</name>
    <set_is_released>0</set_is_released>
    <set_not_lockable>0</set_not_lockable>
    <sort_order>256</sort_order>
    <source_id keyed_name="QS NCR" type="Life Cycle Map">4ABD7CED084E4687A9386CAB5CECB3C5</source_id>
    <x>195</x>
    <y>61</y>
   </Item>
   <Item type="Life Cycle State" id="EE3467EE34C84A868B013073AEF670CF" action="add">
    <image>../images/icons/20x20/20x15_lifecycle.gif</image>
    <name>Originated</name>
    <set_is_released>0</set_is_released>
    <set_not_lockable>0</set_not_lockable>
    <sort_order>128</sort_order>
    <source_id keyed_name="QS NCR" type="Life Cycle Map">4ABD7CED084E4687A9386CAB5CECB3C5</source_id>
    <x>44</x>
    <y>62</y>
   </Item>
   <Item type="Life Cycle Transition" id="590A8EE1AEAA4524A17EB88103DEDFA6" action="add">
    <from_state keyed_name="In Review" type="Life Cycle State">20BCBE1FAE0D4843B451FA79B1EE1280</from_state>
    <get_comment>0</get_comment>
    <role keyed_name="World" type="Identity">
     <Item type="Identity" action="get" select="id">
      <name>World</name>
     </Item>
    </role>
    <sort_order>256</sort_order>
    <source_id keyed_name="QS NCR" type="Life Cycle Map">4ABD7CED084E4687A9386CAB5CECB3C5</source_id>
    <to_state keyed_name="Approved" type="Life Cycle State">5BADE7B3DBB94E64865CC2D13794C511</to_state>
   </Item>
   <Item type="Life Cycle Transition" id="BCD1ACC6CA8F45B09791C964BFB225A8" action="add">
    <from_state keyed_name="In Review" type="Life Cycle State">20BCBE1FAE0D4843B451FA79B1EE1280</from_state>
    <get_comment>0</get_comment>
    <role keyed_name="World" type="Identity">
     <Item type="Identity" action="get" select="id">
      <name>World</name>
     </Item>
    </role>
    <segments>126,147</segments>
    <sort_order>384</sort_order>
    <source_id keyed_name="QS NCR" type="Life Cycle Map">4ABD7CED084E4687A9386CAB5CECB3C5</source_id>
    <to_state keyed_name="Originated" type="Life Cycle State">EE3467EE34C84A868B013073AEF670CF</to_state>
    <x>-92</x>
    <y>87</y>
   </Item>
   <Item type="Life Cycle Transition" id="9A888E460A4746CCB61A358AE87E912C" action="add">
    <from_state keyed_name="Originated" type="Life Cycle State">EE3467EE34C84A868B013073AEF670CF</from_state>
    <get_comment>0</get_comment>
    <role keyed_name="World" type="Identity">
     <Item type="Identity" action="get" select="id">
      <name>World</name>
     </Item>
    </role>
    <segments></segments>
    <sort_order>128</sort_order>
    <source_id keyed_name="QS NCR" type="Life Cycle Map">4ABD7CED084E4687A9386CAB5CECB3C5</source_id>
    <to_state keyed_name="In Review" type="Life Cycle State">20BCBE1FAE0D4843B451FA79B1EE1280</to_state>
    <x>50</x>
    <y>16</y>
   </Item>
  </Relationships>
 </Item>
</AML>