﻿<AML>
 <Item type="Life Cycle Map" id="5669A47C6EDC4FE88B5AC96406BAEE79" action="add">
  <name>QS Stop Ship</name>
  <start_state keyed_name="Initiate Stop Ship" type="Life Cycle State">93579FC587074B5993A0A8D36D99EB94</start_state>
  <Relationships>
   <Item type="Life Cycle State" id="E6FE550BEA1F4EB5BD7CCB38DC48D833" action="add">
    <image>../images/icons/20x20/20x15_lifecycle.gif</image>
    <name>Expired</name>
    <set_is_released>0</set_is_released>
    <set_not_lockable>0</set_not_lockable>
    <sort_order>256</sort_order>
    <source_id keyed_name="QS Stop Ship" type="Life Cycle Map">5669A47C6EDC4FE88B5AC96406BAEE79</source_id>
    <x>378</x>
    <y>61</y>
   </Item>
   <Item type="Life Cycle State" id="93579FC587074B5993A0A8D36D99EB94" action="add">
    <image>../images/icons/20x20/20x15_lifecycle.gif</image>
    <name>Initiate Stop Ship</name>
    <set_is_released>0</set_is_released>
    <set_not_lockable>0</set_not_lockable>
    <sort_order>384</sort_order>
    <source_id keyed_name="QS Stop Ship" type="Life Cycle Map">5669A47C6EDC4FE88B5AC96406BAEE79</source_id>
    <x>69</x>
    <y>61</y>
   </Item>
   <Item type="Life Cycle State" id="3FF947C5C6134A40B401DB1884D59F52" action="add">
    <image>../images/icons/20x20/20x15_lifecycle.gif</image>
    <name>Stop Ship Issued</name>
    <set_is_released>0</set_is_released>
    <set_not_lockable>0</set_not_lockable>
    <sort_order>128</sort_order>
    <source_id keyed_name="QS Stop Ship" type="Life Cycle Map">5669A47C6EDC4FE88B5AC96406BAEE79</source_id>
    <x>212</x>
    <y>61</y>
   </Item>
   <Item type="Life Cycle Transition" id="CBF8DF95AA1F439DB11D9D66715A7006" action="add">
    <from_state keyed_name="Initiate Stop Ship" type="Life Cycle State">93579FC587074B5993A0A8D36D99EB94</from_state>
    <get_comment>0</get_comment>
    <role keyed_name="World" type="Identity">
     <Item type="Identity" action="get" select="id">
      <name>World</name>
     </Item>
    </role>
    <segments></segments>
    <sort_order>256</sort_order>
    <source_id keyed_name="QS Stop Ship" type="Life Cycle Map">5669A47C6EDC4FE88B5AC96406BAEE79</source_id>
    <to_state keyed_name="Stop Ship Issued" type="Life Cycle State">3FF947C5C6134A40B401DB1884D59F52</to_state>
    <x>31</x>
    <y>15</y>
   </Item>
  
   <Item type="Life Cycle Transition" id="F7113C42AFEB42788D1446E61FA13017" action="add">
    <from_state keyed_name="Stop Ship Issued" type="Life Cycle State">3FF947C5C6134A40B401DB1884D59F52</from_state>
    <get_comment>0</get_comment>
    <role keyed_name="World" type="Identity">
     <Item type="Identity" action="get" select="id">
      <name>World</name>
     </Item>
    </role>
    <segments></segments>
    <sort_order>128</sort_order>
    <source_id keyed_name="QS Stop Ship" type="Life Cycle Map">5669A47C6EDC4FE88B5AC96406BAEE79</source_id>
    <to_state keyed_name="Expired" type="Life Cycle State">E6FE550BEA1F4EB5BD7CCB38DC48D833</to_state>
    <x>54</x>
    <y>18</y>
   </Item></Relationships>
 </Item>
</AML>