﻿<AML>
 <Item type="Life Cycle Map" id="3CAEFD302B534E9BB70F08F478BFAF63" action="add">
  <name>QS Waiver - Deviation</name>
  <start_state keyed_name="In Review" type="Life Cycle State">13B80396A14B4B0E9CDB713161356FCA</start_state>
  <Relationships>
   <Item type="Life Cycle State" id="D4727B92C7F4424BB4900C6FEF0C6895" action="add">
    <image>../images/icons/20x20/20x15_lifecycle.gif</image>
    <name>Approved</name>
    <set_is_released>0</set_is_released>
    <set_not_lockable>0</set_not_lockable>
    <sort_order>256</sort_order>
    <source_id keyed_name="QS Waiver - Deviation" type="Life Cycle Map">3CAEFD302B534E9BB70F08F478BFAF63</source_id>
    <x>179</x>
    <y>45</y>
   </Item>
   <Item type="Life Cycle State" id="13B80396A14B4B0E9CDB713161356FCA" action="add">
    <image>../images/icons/20x20/20x15_lifecycle.gif</image>
    <name>In Review</name>
    <set_is_released>0</set_is_released>
    <set_not_lockable>0</set_not_lockable>
    <sort_order>128</sort_order>
    <source_id keyed_name="QS Waiver - Deviation" type="Life Cycle Map">3CAEFD302B534E9BB70F08F478BFAF63</source_id>
    <x>55</x>
    <y>45</y>
   </Item>
   <Item type="Life Cycle State" id="3A0811D98C5E42F990A37EC8ED2C4238" action="add">
    <image>../images/icons/20x20/20x15_lifecycle.gif</image>
    <name>Obsolete</name>
    <set_is_released>0</set_is_released>
    <set_not_lockable>0</set_not_lockable>
    <sort_order>384</sort_order>
    <source_id keyed_name="QS Waiver - Deviation" type="Life Cycle Map">3CAEFD302B534E9BB70F08F478BFAF63</source_id>
    <x>311</x>
    <y>45</y>
   </Item>
   <Item type="Life Cycle Transition" id="997E631AE4E748569174C0D989ABB8F0" action="add">
    <from_state keyed_name="Approved" type="Life Cycle State">D4727B92C7F4424BB4900C6FEF0C6895</from_state>
    <get_comment>0</get_comment>
    <role keyed_name="World" type="Identity">
     <Item type="Identity" action="get" select="id">
      <name>World</name>
     </Item>
    </role>
    <segments></segments>
    <sort_order>256</sort_order>
    <source_id keyed_name="QS Waiver - Deviation" type="Life Cycle Map">3CAEFD302B534E9BB70F08F478BFAF63</source_id>
    <to_state keyed_name="Obsolete" type="Life Cycle State">3A0811D98C5E42F990A37EC8ED2C4238</to_state>
    <x>-1</x>
    <y>-1</y>
   </Item>
  
   <Item type="Life Cycle Transition" id="608A82259F2D42D3BE5F0EAB4BC9B87A" action="add">
    <from_state keyed_name="In Review" type="Life Cycle State">13B80396A14B4B0E9CDB713161356FCA</from_state>
    <get_comment>0</get_comment>
    <role keyed_name="World" type="Identity">
     <Item type="Identity" action="get" select="id">
      <name>World</name>
     </Item>
    </role>
    <sort_order>128</sort_order>
    <source_id keyed_name="QS Waiver - Deviation" type="Life Cycle Map">3CAEFD302B534E9BB70F08F478BFAF63</source_id>
    <to_state keyed_name="Approved" type="Life Cycle State">D4727B92C7F4424BB4900C6FEF0C6895</to_state>
   </Item></Relationships>
 </Item>
</AML>