﻿<AML>
 <Item type="Method" id="7BD30C92CC10427785D7430065DE760B" action="add">
  <comments>Auto populate the part number from the QAP for to the items in the related Analysis items</comments>
  <method_code><![CDATA[var xpath = "//Item/Relationships/Item/related_id/Item[@id='" + relatedID + "']";
var relitm = item.selectSingleNode(xpath);
if (relitm == null) {
   return
}

if (relitm.getAttribute('type')=="Five Whys") {
   var partid=top.aras.getItemProperty(item,"part");
   top.aras.setItemProperty(relitm,'part',partid);
}]]></method_code>
  <method_type>JavaScript</method_type>
  <name>QS Analysis OnInsert</name>
 </Item>
</AML>