<?xml version="1.0" encoding="UTF-8"?>
<toolbarapplet
  on_click        = "onToolbarButtonClick"
  on_load         = "onToolbarLoad"
  buttonstyle     = "windows"
  buttonsize      = "27,26"
  font            = "Arial-8"
  >
  
  <toolbar id="tasksTbl0">    
    <button image="icons/16x16_icon_msExcel.gif" id="export2Excel" tooltip="Export To Excel" statusmsg="Export To Excel" disabled="false"> Export To Excel </button>
    <button image="icons/16x16_icon_msWord.gif" id="export2Word" tooltip="Export To Word" statusmsg="Export To Word" disabled="false"> Export To Word </button>
    <button disabled="false" image="icons/20x20selectall.gif"         id="create_module"     tooltip="Create a New Module"     statusmsg="Create a New Module" view_edit_disabled="true;false">Create a New Module</button>
    <button disabled="false" image="icons/20x20insert.gif"         id="insert_module"     tooltip="Insert Module"     statusmsg="Insert Module" view_edit_disabled="true;false">Insert Module</button>
  </toolbar>
</toolbarapplet>