﻿<?xml version="1.0" encoding="UTF-8"?>
<ui_resources>
  <!-- +++++ common +++++ -->
  <resource key="apqp_getlist.not_required_method" value="Die angeforderte Methode {0} existiert nicht. Die Funktion kann nicht fortgesetzt werden." />
  <!--       common       -->

  <!-- +++++ QP\Client\scripts\itemChoice.html +++++ -->
  <resource key="itemchoice.err" value="Sie haben folgenen Fehler: 
  {0}"/>
  <!--       QP\Client\scripts\itemChoice.html       -->
  
  <!-- +++++ QP\Client\scripts\MyTasksCompletionDialog.html +++++ -->
  <resource key="task_compl_dlg.save_comments_task" value="Speichere Kommentar Aufgabe …" />
  <resource key="task_compl_dlg.task_may_not_edited" value="Diese Aufgabe kann nicht bearbeitet werden. Sie ist durch einen anderen Benutzer gesperrt." />
  <resource key="task_compl_dlg.locking_err" value="Sie können diese Aufgabe momentan nicht bearbeiten: Fehler beim Sperren" />
  <resource key="task_compl_dlg.values_need_select" value="Die Werte für Schweregrad, Entdeckungs- und Auftretenswahrscheinlichkeit müssen ausgewählt werden um das Arbeitsblatt abzuschliessen." />
  <!--       QP\Client\scripts\MyTasksCompletionDialog.html       -->
  
  <!-- +++++ QP\Client\scripts\PartQualityPlanningDocuments.html +++++ -->
  <resource key="part_qp_doc.copy" value="The part you have selected to copy has a characteristic ID that is identical to a characteristic in the current part. You must resolve this issue in order for the copy to complete successfully."/>
  <resource key="part_qp_doc.no_qp_docs" value="Zum ausgewählten Teil liegen keine Qualitätsplanungsdokumente vor" />
  <resource key="status_mes.cloning" value="Klone die Qualitätsdokumente …" />
  <resource key="part_qp_doc.cloning_failed" value="Cloning is failed:&lt;BR&gt;possible the part you have selected to copy has a characteristic ID that is identical to a characteristic in the current part. You must resolve this issue in order for the copy to complete successfully."/>
  <resource key="part_qp_doc.cloning_is_failed" value="Klonen ist fehlgeschlagen" />
  <resource key="status_mes.copy_process_doc" value="Kopiere Prozess Dokumente …" />
  <resource key="part_qp_doc.copy_failed" value="Kopieren ist fehlgeschlagen" />
  <resource key="status_mes.delete_docs" value="Lösche Qualitätsdokumente …" />
  <resource key="pqp_docs.doc_number" value="Dokument Nummer" />
  <resource key="pqp_docs.gen" value="Gen"/>
  <resource key="pqp_docs.type" value="Type"/>
  <resource key="pqp_docs.status" value="Status"/>
  <!--       QP\Client\scripts\PartQualityPlanningDocuments.html       -->
  
  <!-- +++++ QP\Client\scripts\MyTasksCompletionDialog.html +++++ -->
  <resource key="completion_dlg.completing_task" value="Schliesse die Aufgabe ab …" />
  <resource key="completion_dlg.task_completion_worksheet" value="Task Completion Worksheet"/>
  <resource key="completion_dlg.project_form" value="Project / Form:"/>
  <resource key="completion_dlg.task" value="Aufgabe:" />
  <resource key="completion_dlg.due_date" value="Fälligkeitstermin:" />
  <resource key="completion_dlg.part_number" value="Teil Nummer:" />
  <resource key="completion_dlg.fmea_line_item" value="FMEA Line Item"/>
  <resource key="completion_dlg.comments_and_actions" value="Comments and Actions Taken"/>
  <resource key="completion_dlg.update_rpn" value="Update the APQP RPN Inputs"/>
  <resource key="completion_dlg.current" value="Current:"/>
  <resource key="completion_dlg.severity" value="Severity:"/>
  <resource key="completion_dlg.occurrence" value="Auftreten:" />
  <resource key="completion_dlg.detection" value="Detection:"/>
  <resource key="completion_dlg.rpn" value="RPN:"/>
  <resource key="completion_dlg.updated" value="Updated:"/>
  <resource key="completion_dlg.complete_html_value" value="Vollständig" />
  <resource key="completion_dlg.save_changes_html_value" value="Änderungen speichern" />
  <resource key="completion_dlg.cancel_changes_html_value" value="Abbrechen" />
  <resource key="completion_dlg.task_completion_dialog" value="Innovator Task Completion Dialog"/>
  <resource key="completion_dlg.process_planner_is_not_specified" value="Error: Process Planner is not specified"/>
  <resource key="completion_dlg.process_planner_is_not_saved" value="ACW dialog cannot be open for unsaved Process Planner. Please, save it first."/>
  <resource key="completion_dlg.both_det_occ_should_be_selected" value="Both detection and occurrence values need to be selected or none of them."/>
  <resource key="completion_dlg.failed_get_process_planner_itemtype" value="Failed to get Process Planner ItemType"/>
  <!--       QP\Client\scripts\MyTasksCompletionDialog.html       -->
  
  <!-- +++++ QP\Imports\ +++++ -->
  <resource key="qp_import.cause" value="Ursache" />
  <resource key="qp_import.usage_recommendation" value="Anwendungsempfehlung" />
  <resource key="qp_import.type" value="Type"/>
  <resource key="qp_import.cause2" value="Ursache:" />
  <resource key="qp_import.return_selected" value="Auswahl zurückgeben" />
  <resource key="qp_import.exit" value="Verlassen" />
  <resource key="qp_import.char_manager" value="APQP Characteristics Manager"/>
  <resource key="qp_import.highlight_characteristic" value="Please highlight the Characteristic that should be set
Use the X button if you do not want a Characteristic specified"/>
  <resource key="qp_import.this_itemtype_label_without_part" value="This {0} Does not have a Part or Part Family assigned yet!"/>
  <resource key="qp_import.part_query_failed" value="Query for Part or Part Family failed!"/>
  <resource key="qp_import.char_no" value="Char No"/>
  <resource key="qp_import.description" value="Beschreibung" />
  <resource key="qp_import.class" value="Klasse" />
  <resource key="qp_import.n_a" value="N/A"/>
  <resource key="qp_import.at_least_one_part_for_part_family" value="The Part Family for this document must contain at least 1 Part in order to assign characteristics."/>
  <resource key="qp_import.select_a_characteristic" value="Please Select a Characteristic"/>
  <resource key="qp_import.are_you_sure_about_characteristic_delete" value="Sind Sie sicher, dass Sie die ausgewählte Eigenschaft löschen wollen?" />
  <resource key="qp_import.char_locked_by_another" value="Characteristic is locked by '{0}' user can not edit at this time!"/>
  <resource key="qp_import.unique_char_id" value="Die ID der Eigenschaft muss eindeutig sein!" />
  <resource key="qp_import.clear_selection" value="Auswahl aufheben" />
  <resource key="qp_import.apply_to_all" value="Auf alle anwenden" />
  <resource key="qp_import.d_p" value="D/P"/>
  <resource key="qp_import.part_capitalized" value="PART"/>
  <resource key="qp_import.target" value="Ziel" />
  <resource key="qp_import.tolerance" value="Toleranz" />
  <resource key="qp_import.parts_trgt_tlrnc_html" value="&lt;b&gt;TEILE&lt;/b&gt;-Ziel / Toleranz" />
  <resource key="qp_import.add" value="Hinzufügen" />
  <resource key="qp_import.delete" value="Löschen" />
  <resource key="qp_import.click_on_grid_to_edit" value="Click on the part grid cell to enable editing"/>
  <resource key="qp_import.characteristics" value="Eigenschaften" />
  <resource key="qp_import.control" value="Control"/>
  <resource key="qp_import.control2" value="Control:"/>
  <resource key="qp_import.reaction_plan" value="Reaktionsplan" />
  <resource key="qp_import.reaction_plan2" value="Reaktionsplan:" />
  <resource key="qp_import.detection_label" value="Detection"/>
  <resource key="qp_import.occurrence_label" value="Occurrence"/>
  <resource key="qp_import.severity_label" value="Severity"/>
  <resource key="qp_import.usage" value="Benutzung" />
  <resource key="qp_import.effect" value="Folge" />
  <resource key="qp_import.effect2" value="Folge:" />
  <resource key="qp_import.severity_catalog" value="APQP Schweregrad Katalog" />
  <resource key="qp_import.no_parent_for_insert" value="Kein Eltern-Objekt für das Einfügen gefunden" />
  <resource key="qp_import.internal_err_no_relationships" value="Interner Fehler: die Beziehung kann nicht gefunden werden" />
  <resource key="qp_import.internal_err_no_parent" value="Interner Fehler: das Eltern-Objekt kann nicht gefunden werden" />
  <resource key="qp_import.insert" value="Einfügen" />
  <resource key="qp_import.f2_to_open_dialog" value="F2 benutzen um Dialoge zu öffnen" />
  <resource key="qp_import.eff_sev_for_failure_mode" value="Effects / Severity for the Failure Mode:"/>
  <resource key="qp_import.failure_mode" value="Fehlermöglichkeit" />
  <resource key="qp_import.failure_mode2" value="Fehlermöglichkeit" />
  <resource key="qp_import.measurement_technique" value="Messtechnik" />
  <resource key="qp_import.measurement_technique2" value="Messtechnik:" />
  <resource key="qp_import.number_or_descr_must_for_tool" value="Number or description must be defined for the highlighted tool."/>
  <resource key="qp_import.tool_not_found_for_insert" value="Werkzeug für das Einfügen nicht gefunden" />
  <resource key="qp_import.tool_number" value="Werkzeug Nummer" />
  <resource key="qp_import.pick_tool" value="Werkzeug auswählen" />
  <resource key="qp_import.pick_tool_from_library" value="Werkzeug aus Bibliothek auswählen" />
  <resource key="qp_import.make_new_tool" value="Neues Werkzeug anlegen" />
  <resource key="qp_import.new_tool" value="Neues Werkzeug" />
  <resource key="qp_import.tools_for_operation" value="Tools for the Operation :"/>
  <resource key="qp_import.multiple" value="mehrere" />
  <resource key="qp_import.copy_cannot_with_unsaved_machine_tool" value="The copy action cannot be completed with unsaved Machine Tool data.
Would you like to save before proceeding?"/>
  <resource key="qp_import.wrong_input_item" value="Das Eingangsobjekt ist falsch." />
  <resource key="qp_import.no_catalog_name_for_property" value="Can not define catalog name for property {0}."/>
  <resource key="qp_import.alias_identity_must" value="Alias Identity has to be selected. {0} Identity is not Alias."/>
  <!--       QP\Imports\       -->
</ui_resources>