﻿<?xml version="1.0" encoding="utf-8"?>
<toolbarapplet buttonstyle="windows" buttonsize="27,26" font="Arial-8">
	<toolbar id="tb1">
    <button disabled="false" image="icons/20x20print.gif" id="print" tooltip="Drucken" statusmsg="Drucken">Print</button>
    <separator />
    
		<button image="icons/Project/20x20_openFolder.gif" id="expand_all" tooltip="Expand All" statusmsg="Expand All"> Expand All</button>
		<button image="icons/Project/20x20_closedFolder.gif" id="collapse_all" tooltip="Collapse All" statusmsg="Collapse All"> Collapse All</button>
	</toolbar>
</toolbarapplet>
