﻿<?xml version="1.0" encoding="utf-8"?>
<toolbarapplet on_click="onToolbarButtonClick" on_load="onToolbarLoad" buttonstyle="windows" buttonsize="26,25" font="Arial-8">
	<toolbar id="tb1">
    <drop_down_button image="" id="actions_menu" text="Actions Menu"/>
		<separator/>
		<button disabled="true" image="icons/Project/20x20_WBS.gif" id="add_wbs_element" tooltip="Add WBS Element" text="Add WBS Element"/>
		<button disabled="true" image="icons/Project/20x20_Activity.gif" id="add_activity" tooltip="Add Activity" text="Add Activity"/>
		<button disabled="true" image="icons/Project/20x20_Milestone.gif" id="add_milestone" tooltip="Add Milestone" text="Add Milestone"/>
		<separator/>
		<button disabled="true" image="icons/20x20revision.gif" id="view_edit_selected_item" tooltip="View/Edit Selected Item" text="View/Edit Selected Item"/>
		<button disabled="true" image="icons/20x20delete.gif" id="delete_selected_item" tooltip="Delete Selected Item" text="Delete Selected Item"/>
		<separator/>
		<button disabled="true" image="icons/Project/16x16_indent.gif" id="indent" tooltip="Indent" text="Indent"/>
		<button disabled="true" image="icons/Project/16x16_outdent.gif" id="outdent" tooltip="Outdent" text="Outdent"/>
		<separator/>
    <button disabled="true" image="icons/next_page.gif" id="move_down" tooltip="Move Down" text="Move Down"/>
    <button disabled="true" image="icons/prev_page.gif" id="move_up" tooltip="Move Up" text="Move Up"/>
    <separator/>
		<button disabled="true" image="icons/Project/16x16_cut.gif" id="cut" tooltip="Ausschneiden" text="Ausschneiden"/>
		<button disabled="true" image="icons/Project/16x16_paste.gif" id="paste" tooltip="Einfügen" text="Einfügen"/>
		<separator/>
		<button image="icons/Project/20x20_openFolder.gif" id="expand_all" tooltip="Expand All" text="Expand All"/>
		<button image="icons/Project/20x20_closedFolder.gif" id="collapse_all" tooltip="Collapse All" text="Collapse All"/>
		<separator/>
		<button image="icons/20x20keysearch.gif" id="execute_filter" tooltip="Execute Filter" text="Execute Filter"/>
    <button image="icons/20x20newsearch.gif" id="clear_filter" tooltip="Filter löschen" text="Filter löschen"/>
	</toolbar>
</toolbarapplet>
