<Item type="WBS Element" select="name,rollup_date_sched_start,rollup_date_sched_due,rollup_duration,rollup_percent_compl,rollup_status,prev_item,deliv_type,deliv_required,locked_by_id, wbs_index" action="GetItemRepeatConfig">
	<Relationships>
		<Item type="Sub WBS" select="related_id" repeatProp="related_id" repeatTimes="0"/>
		<Item type="WBS Activity2" select="related_id">
			<related_id>
				<Item type="Activity2" select="is_milestone,date_start_sched,date_due_sched,expected_duration,work_est,name,percent_compl,rollup_percent_compl,rollup_work_est,rollup_date_start_act,prev_item,deliv_type,deliv_required,locked_by_id,status,is_required,state,date_es,date_ef,date_ls,date_lf,date_due_act,date_start_act,date_activated,date_due_original,is_critical,lead_role,managed_by_id, date_start_target, date_due_target">
					<Relationships>
						<Item type="Activity2 Assignment" select="related_id(keyed_name,name,description,is_alias),role,state"/>
						<Item type="Predecessor" select="related_id,precedence_type,lead_lag" related_expand="0"/>
						<Item type="Activity2 Deliverable" select="related_id(keyed_name,itemtype)"/>
					</Relationships>
				</Item>
			</related_id>
		</Item>
		<Item type="WBS Deliverable" select="related_id(keyed_name, itemtype)"/>
	</Relationships>
</Item>
