﻿<?xml version="1.0" encoding="UTF-8"?>
<toolbarapplet
  on_load         = "onToolbarLoad"
  on_click        = "onClickItem"
  on_change       = "onChoiceChanged"
  buttonstyle     = "windows"
  buttonsize      = "26,22"
  top_border      = "1"
  bottom_border   = "1"   
  font            = "Arial-8">
  <toolbar id="swtoolbar">
  <edit   id="source" label="Source Part:" text="" size="15"/>
  <button text="" id="change_source" image="icons/20x20keysearch.gif" tooltip="Change Source Part" />
  <separator/>
  <edit   id="compare" label="Compare to Part:" text="" size="15"/>
  <button text="" id="change_compare" image="icons/20x20keysearch.gif" tooltip="Change Compare Part" />
  <separator/>
  <button text="Side by Side" state="0" image="icons/layout0.gif" id="sidebyside" />
  <button text="Color Coded" state="0" image="icons/layout1.gif" id="colorcoded" />
  <separator/>
  <button text="Exit" id="exit" image="icons/20x20exit.gif" tooltip="Exit" />
  </toolbar>
</toolbarapplet>
