﻿<?xml version="1.0" encoding="UTF-8"?>
<toolbarapplet
  on_load         = "onToolbarLoad"
  on_click        = "onClickItem"
  on_change       = "onChoiceChanged"
  buttonstyle     = "windows"
  buttonsize      = "30,22"
  top_border      = "1"
  bottom_border   = "1"   
  font            = "Arial-8">
  <toolbar id="swtoolbar">
	  <button text="Add" id="add" image="icons/20x20expandpopnode.gif" tooltip="Add a Part to the BOM" />
	  <button text="Delete " id="delete" disabled="true" image="icons/20x20delete.gif" tooltip="Delete this Part from the BOM" />
	  <button text="Change " id="change" disabled="true" image="icons/20x20copy.gif" tooltip="Change the values for this part" />
	  <button text="Undo " id="undo" disabled="true" image="icons/20x20rollback.gif" tooltip="Undo the redlines for this entry" />
	  <separator/>
	  <button text="Existing " id="view_existing" image="icons/16x16_bom_existingview.gif" tooltip="View existing BOM" />
	  <button text="Redline " id="view_redline" image="icons/16x16_bom_redlineview.gif" tooltip="Redline View" />
	  <button text="Proposed " id="view_proposed"  image="icons/16x16_bom_proposedview.gif" tooltip="View Proposed a BOM" />
	  <separator/>
	  <button text="Save" id="save" image="icons/20x20save.gif" tooltip="Save Redlines" />
	  <separator/>
	  <button text="Exit" id="exit" image="icons/20x20exit.gif" tooltip="Exit" />
  </toolbar>
</toolbarapplet>
