﻿<?xml version="1.0" encoding="UTF-8"?>
<menuapplet on_load="onItemMenuLoad" on_select="onClickItem" on_check="onCheckMenu" show="item_menubar">
	<menubar id="item_menubar">
		<menu id="file_menu" name="File">
			<item id="print" name="Printable View"/>
			<separator/>
			<item id="exit" name="Exit"/>
		</menu>
		<menu id="view_menu" name="View">
			<item id="clearAll" name="Clear Selections"/>
			<item id="view_selections" name="View Selections"/>
			<item id="expandAll" name="Expand and Populate"/>
			<separator/>
			<item id="view_item" name="View Item"/>
		</menu>
		<menu id="edit_menu" name="Edit">
			<item id="undo" name="Undo"/>
			<separator/>
			<item id="cut" name="Cut"/>
			<item id="copy" name="Copy"/>
			<item id="paste" name="Paste Same Level"/>
			<item id="paste_below" name="Paste Next Level"/>
			<separator/>
			<item id="insert" name="Insert - Same Level"/>
			<item id="insert_below" name="Insert - Next Level"/>
		</menu>
		<menu id="relationships_menu" name="Relationships">
			<item id="search_relationship" name="Search Relationship"/>
			<item id="create_relationship" name="Create Relationship"/>
		</menu>
		<menu id="help_menu" name="Help">
			<item id="help_contents" name="Contents"/>
			<item id="help_about" name="About Innovator..."/>
		</menu>
	</menubar>
</menuapplet>
