﻿<?xml version="1.0" encoding="UTF-8"?>
<toolbarapplet
  on_click        = "onToolbarButtonClick"
  on_load         = "onToolbarLoad"
  buttonstyle     = "windows"
  buttonsize      = "27,26"
  font            = "Arial-8"
	>

  <toolbar id="empty">
		<button image="../images/icons/20x20/20x20_exit_door.gif" id="exit" tooltip="Exit"  statusmsg="Exit" />
  </toolbar>
	
  <toolbar id="normal">
    <button  image="icons/20x20promote.gif"  id="promote"   tooltip="Promote Item" statusmsg="Promote Item"/>
    <choice id="promote_choice" height="23">
			<choiceitem></choiceitem>
		</choice>
		<separator />
		<button image="../images/icons/20x20/20x20_exit_door.gif" id="exit" tooltip="Exit"  statusmsg="Exit" />
  </toolbar>

</toolbarapplet>