﻿<?xml version="1.0" encoding="UTF-8"?>
<toolbarapplet on_load="onToolbarAppletLoad" on_click="OnToolbarItemClick" buttonstyle="windows" buttonsize="26,25" font="Arial-8" top_border="1" bottom_border="1">
	<toolbar id="main_toolbar">
		<button image="icons/20x20new.gif" id="new" tooltip="Create a New Item" statusmsg="Create a New Item" disabled="true"> New </button>
		<button image="icons/20x20view.gif" id="view" tooltip="View Item" statusmsg="View Item" disabled="true"> View </button>
		<button image="icons/20x20edit.gif" id="edit" tooltip="Edit Item" statusmsg="Edit Item" disabled="true">  Edit</button>
		<button image="icons/20x20save.gif" id="save" tooltip="Save Item" statusmsg="Save Item" disabled="true"> Save </button>
		<button image="icons/20x20saveas.gif" id="saveAs" tooltip="Copy and Save Item" statusmsg="Copy and Save Item" disabled="true"> Save As</button>
		<button image="icons/20x20delete.gif" id="delete" tooltip="Delete Item" statusmsg="Delete Item" disabled="true"> Delete </button>
		<separator/>
		<button image="icons/20x20copy.gif" id="copy" tooltip="Copy Item" statusmsg="Copy Item" disabled="true"> Copy </button>
		<button text="Printable View" id="print" image="icons/20x20print.gif" tooltip="Printable View" statusmsg="Printable View" disabled="true"/>
		<separator/>
		<button image="icons/16x16_icon_msExcel.gif" id="export2Excel" tooltip="Export To Excel" statusmsg="Export To Excel" disabled="true"> Export To Excel </button>
		<button image="icons/16x16_icon_msWord.gif" id="export2Word" tooltip="Export To Word" statusmsg="Export To Word" disabled="true"> Export To Word </button>
		<separator/>
		<button image="icons/20x20lock.gif" id="lock" tooltip="Lock Item" statusmsg="Lock Item" disabled="true"> Lock </button>
		<button image="icons/20x20unlock.gif" id="unlock" tooltip="Unlock Item" statusmsg="Unlock Item" disabled="true"> Unlock  </button>
		<button image="icons/20x20rollback.gif" id="undo" tooltip="Undo Changes on Item" statusmsg="Undo Changes on Item" disabled="true"> Undo </button>
		<separator/>
		<button image="../images/Icons/16x16/16x16_fileCopy.gif" id="get_files" tooltip="Get Copy of Files" statusmsg="Get Copy of Files" disabled="true"> Copy files</button>
		<button image="../images/Icons/16x16/16x16_checkout.gif" id="checkout" tooltip="Check Out Files" statusmsg="Check out Files" disabled="true">Check out</button>
		<button image="../images/Icons/16x16/16x16_checkin.gif" id="checkin" tooltip="Check In Files" statusmsg="Check in Files" disabled="true">Check in</button>
		<separator/>
		<button image="icons/20x20promote.gif" id="promote" tooltip="Promote Item" statusmsg="Promote Item" disabled="true"> Promote</button>
		<button image="icons/20x20revision.gif" id="revisions" tooltip="View Revisions for Item" statusmsg="View Revisions for Item" disabled="true"> All Revs</button>
		<separator/>
		<button image="icons/no_tabs.gif" id="no_tabs" tooltip="Hide Tabs In Tab View" statusmsg="Hide Tabs In Tab View" state="0" disabled="true">- Tabs  </button>
		<!--<button image="icons/16x16_tearoff.gif" id="tear_off" tooltip="Tear Off" statusmsg="Tear Off View" state="1">Tear Off  </button>-->
		<separator/>
		<button image="../images/icons/16x16/16x16_properties.gif" id="show_properties" tooltip="Show Properties" statusmsg="Show Properties" state="1">+ Properties  </button>
		<button text="+ Main Tree" id="ShowMainTree" image="icons/20x20hidetoc.gif" tooltip="Show Main Tree" statusmsg="Show Main Tree" state="1"/>
		<separator/>
		<button text="Help" id="help_context" image="icons/16x16_help.gif" tooltip="Help" statusmsg="Help"/>
		<separator/>
		<button text=" Logout" id="Logout" image="icons/20x20logout.gif" tooltip="Logout" statusmsg="Logout"/>
	</toolbar>
	<toolbar id="inbasket_toolbar">
		<button image="icons/16x16_icon_msExcel.gif" id="export2Excel" tooltip="Export To Excel" statusmsg="Export To Excel" disabled="true"> Export To Excel </button>
		<button image="icons/16x16_icon_msWord.gif" id="export2Word" tooltip="Export To Word" statusmsg="Export To Word" disabled="true"> Export To Word </button>
		<separator/>
		<button text=" Claim" id="ClaimActivity" disabled="true" image="icons/20x20lock.gif" tooltip="Claim the Activity"/>
		<button text=" Unlock" id="UnclaimActivity" disabled="true" image="icons/20x20Unlock.gif" tooltip="Un-Claim the Activity"/>
		<separator/>
		<button text=" Open Item" id="ViewAttached" disabled="true" image="icons/16x16_openItem.gif" tooltip="Open the Attached Item"/>
		<button text="View Workflow" id="ViewProcess" disabled="true" image="icons/16x16_viewWorkflow.gif" tooltip="View the Workflow Process"/>
		<separator/>
		<button text="Update Activity" id="Vote" disabled="true" image="icons/16x16_updateActivity.gif" tooltip="Update the Activity"/>
		<separator/>
		<button text="Printable View" id="Print" image="icons/20x20print.gif" tooltip="Printable View" statusmsg="Printable View"/>
		<separator/>
		<button text=" + Main Tree" id="ShowMainTree" image="icons/20x20hidetoc.gif" tooltip="Show Main Tree" statusmsg="Show Main Tree" state="1"/>
		<separator/>
		<button text=" Logout" id="Logout" image="icons/20x20logout.gif" tooltip="Logout" statusmsg="Logout"/>
	</toolbar>
</toolbarapplet>
