﻿<?xml version="1.0" encoding="UTF-8"?>
<toolbarapplet
	on_load					= "onToolbarAppletLoad"
	on_click        = "onButtonClick"
	buttonstyle     = "windows"
  buttonsize      = "26,22"
  top_border      = "0"
  bottom_border   = "1"
  font            = "Arial-8">
	
  <toolbar id="main">
		<button image="icons/20x20delete.gif"    id="close"    tooltip="Close Selected Window" statusmsg="Close Selected Window" />
    <button image="icons/20x20view.gif"    id="view"    tooltip="View Selected Window" statusmsg="View Selected Window" />
    <button image="icons/20x20refresh.gif" id="refresh" tooltip="Refresh the Table"  statusmsg="Refresh the Table" />
		<button image="icons/20x20deletemultiple.gif" id="close_all" tooltip="Close All Windows"    statusmsg="Close All Windows" />
		<separator/>
		<button image="icons/20x20rollback.gif"    id="return"   tooltip="Return to Innovator"             statusmsg="Return" />
		<button image="icons/20x20exit.gif"    id="exit"   tooltip="Exit"              statusmsg="Exit" />
	</toolbar>
</toolbarapplet>