﻿<?xml version="1.0" encoding="utf-8"?>
<toolbarapplet on_click="onClickItem" on_load="onToolbarLoad" on_menu_show="onToolbarMenuShow" on_menu_click="onToolbarMenuClickItem" buttonstyle="windows" buttonsize="26,26" font="Arial-8" xbottom_border="1">
  <toolbar id="item">
    <button image="icons/20x20print.gif" id="print_item" tooltip="Print Item" statusmsg="Print Item">Print</button>
    <button image="icons/20x20printpreview.gif" id="print_preview" tooltip="Print Preview..." statusmsg="Print Preview Item">Print Preview...</button>
    <button image="icons/no_tabs.gif" id="no_tabs" tooltip="Hide relationships" statusmsg="Hide relationships" state="0" disabled="true">Hide Relationships</button>
    <button image="../images/icons/20x20/20x20_exit_door.gif" id="close" tooltip="Close this window" statusmsg="Close this window">Close</button>
  </toolbar>
  <toolbar id="itemsGrid">
    <button image="icons/20x20print.gif" id="print_itemsGrid" tooltip="Print Table" statusmsg="Print Table">Print</button>
    <button image="icons/20x20printpreview.gif" id="print_preview" tooltip="Print Preview..." statusmsg="Print Preview Item">Print Preview...</button>
    <separator/>
    <button image="icons/16x16_component.gif" id="setup_itemsGrid" tooltip="Setup Options" statusmsg="Setup Options">Options</button>
    <separator/>
    <button image="../images/icons/20x20/20x20_exit_door.gif" id="close" tooltip="Close this window" statusmsg="Close this window">Close</button>
  </toolbar>
</toolbarapplet>
