﻿<?xml version="1.0" encoding="UTF-8"?>
<toolbarapplet
  on_click        = "onToolbarButtonClick"
  on_load         = "onToolbarLoad"
  buttonstyle     = "windows"
  buttonsize      = "27,26"
  font            = "Arial-8"
  >
  
  <toolbar id="tb1">
   
  <!--
    <choice disabled="true" id="related_option" tooltip="Related Options" statusmsg="Related Options">
      <choiceitem>Pick Related</choiceitem>
      <choiceitem>No Related</choiceitem>
      <choiceitem>Create Related</choiceitem>
    </choice>
    -->
       <button image="../images/Icons/20x20/20x20_view.gif" id="show_item"     tooltip="View item"     statusmsg="View item"/>
    <separator/>
        <button image="icons/20x20keysearch.gif"   id="search"    tooltip="Run Search"    statusmsg="Run Search" />
    <separator/>
        <edit   id="page_size" label="Page Size:" text="" size="2"/>
   
 </toolbar>


</toolbarapplet>