﻿<?xml version="1.0" encoding="UTF-8"?>
<toolbarapplet on_load="onToolbarLoad" on_click="onTbItemClick" buttonstyle="windows" buttonsize="26,22" bottom_border="1" font="Arial-8">
	<toolbar id="searchbar">
		<choice id="implementation_type" visible="0"/>
		<button disabled="true" image="icons/20x20keysearch.gif" id="search" tooltip="Run Search" statusmsg="Run Search">Search</button>
		<button image="icons/20x20newsearch.gif" id="newsearch" tooltip="Clear Search Criteria" statusmsg="Clear Search Criteria">Clear Criteria  </button>
		<button disabled="true" image="icons/20x20stop.gif" id="stop_search" tooltip="Stop Search" statusmsg="Stop Search">Stop Search</button>
		<separator/>
		<edit disabled="true" id="page_size" label="Page Size:" text="100" size="2"/>
		<button disabled="true" image="icons/prev_page.gif" id="prev_page" tooltip="Previous Page" statusmsg="Previous Page">Prev page</button>
		<button disabled="true" image="icons/next_page.gif" id="next_page" tooltip="Next Page" statusmsg="Next Page">Next page</button>
		<separator/>
		<edit id="max_search" label="Max Results:" text="" size="4"/>
		<button disabled="true" image="../images/icons/20x20/20x20_checkmark.gif" id="ready_btn" tooltip="Return Selected" statusmsg="Return Selected"/>
		<button disabled="true" image="../images/icons/16x16/16x16_redx.gif" id="set_nothing" tooltip="Clear Selection" statusmsg="Clear Selection"/>
		<button disabled="true" image="../images/icons/20x20/20x20_exit_door.gif" id="exit" tooltip="Exit" statusmsg="Exit"/>
	</toolbar>
</toolbarapplet>
