﻿<?xml version="1.0" encoding="UTF-8"?>
<menuapplet
	on_load     = "onMenuAppletLoad"
  on_select   = "onClickItem"
  on_check    = "onCheckMenu"
  show        = "main_menubar">

  <menubar id="main_menubar">
    <menu id="file_menu" name="File">
      <item id="exit" name="Exit"/>
    </menu>
    <menu id="edit_menu" name="Edit">
      <item id="get_part_number"   name="Get Part Number"/>
      <separator/>
      <item id="synchronize"        name="Synchronize"/>
      <item id="update_innovator"  name="Update Innovator"/>
      <item id="update_solidworks" name="Update SolidWorks"/>
    </menu>
  </menubar>
</menuapplet>