﻿<?xml version="1.0" encoding="UTF-8"?>
<toolbarapplet
  on_click        = "onToolbarButtonClick"
	on_load					= "onToolbarLoad"
  buttonstyle     = "windows"
  buttonsize      = "26,22"
  font            = "Arial-8"
	>

  <toolbar id="tb2">
    <button state="0" image="icons/layout0.gif" id="ly0" />
    <button state="0" image="icons/layout1.gif" id="ly1" />
    <button state="0" image="icons/layout2.gif" id="ly2" />
    <separator/>
    <button state="0" image="icons/layout3.gif" id="ly3" />
    <button state="0" image="icons/layout4.gif" id="ly4" />
    <button state="0" image="icons/layout5.gif" id="ly5" />
    <separator/>
    <button state="0" image="icons/layout6.gif" id="ly6" />
    <button state="0" image="icons/layout7.gif" id="ly7" />
    <button state="0" image="icons/layout8.gif" id="ly8" />
    <separator/>
    <button state="0" image="icons/layout9.gif" id="ly9" />
    <button state="0" image="icons/layout10.gif" id="ly10" />
    <button state="0" image="icons/layout11.gif" id="ly11" />
  </toolbar>


</toolbarapplet>