﻿<?xml version="1.0" encoding="UTF-8"?>
<menuapplet
  on_select   = "onClickItem"
  on_check    = "onCheckMenu"
  show        = "main_menubar">

  <menubar id="main_menubar">
    <menu id="file_menu" name="Datei">
      <item id="exit" name="Exit" />
    </menu>
    <menu id="view_menu" name="Ansicht">
      <item id="view_redline" name="Redline View" />
      <item id="view_existing" name="Existing View" />
      <item id="view_proposed" name="Proposed View" />
    </menu>
  </menubar>
</menuapplet>