﻿<?xml version="1.0" encoding="utf-8"?>
<toolbarapplet on_load="onToolbarAppletLoad" on_click="onButtonClick" buttonstyle="windows" buttonsize="26,25">
  <toolbar id="fieldbar">
    <button image="icons/20x20delete.gif" id="delete" tooltip="Delete Selected Field" text="Delete Field"/>
    <separator/>
    <button image="icons/text_field.gif" id="text" tooltip="New Text" text="New Text"/>
    <button image="icons/password.gif" id="password" tooltip="New Password" text="New Password"/>
    <button image="icons/textarea.gif" id="textarea" tooltip="New Textarea" text="New Textarea"/>
    <button image="icons/dropdown.gif" id="dropdown" tooltip="New Dropdown" text="New Dropdown"/>
    <button image="icons/listbox.gif" id="listbox single select" tooltip="New List Box" text="New List Box"/>
    <button image="icons/listbox_multi.gif" id="listbox multi select" tooltip="New List Box Multi Select" text="New List box Multi Select"/>
    <button image="icons/checkbox.gif" id="checkbox" tooltip="New Checkbox" text="New Checkbox"/>
    <button image="icons/radio_button.gif" id="radio button list" tooltip="New Radio Button List" text="New Radio Button List"/>
    <button image="icons/button.gif" id="button" tooltip="New Button" text="New Button"/>
    <button image="icons/calendar-2.gif" id="date" tooltip="New Date" text="New Date"/>
    <button image="icons/color.gif" id="color" tooltip="New Color" text="New Color"/>
    <button image="icons/image.gif" id="html" tooltip="New HTML" text="New HTML"/>
    <separator/>
    <drop_down_button id="unused_ds" tooltip="Properties Not Used as Data Sources" text="Unused Properties"/>
  </toolbar>
</toolbarapplet>
