﻿<?xml version="1.0" encoding="utf-8"?>
<toolbarapplet buttonsize="26,25">
  <toolbar id="tb1">
    <drop_down_button image="" id="actions_menu" text="Actions"/>
    <separator/>
    <choice disabled="true" id="related_option" tooltip="Beziehungsoptionen" statusmsg="Beziehungsoptionen">
      <choiceitem>Pick Related</choiceitem>
      <choiceitem>No Related</choiceitem>
      <choiceitem>Create Related</choiceitem>
    </choice>
    <button disabled="true" image="icons/20x20new.gif" id="new" tooltip="Neue Beziehung" text="Neue Beziehung"/>
    <separator/>
    <button disabled="true" image="icons/20x20pick.gif" id="pick_replace" tooltip="Wählen/Ersetzen bezogenes Objekt" text="Wählen/Ersetzen bezogenes Objekt"/>
    <button disabled="true" image="icons/20x20delete.gif" id="delete" tooltip="Beziehung löschen" text="Beziehung löschen"/>
    <separator/>
    <button image="icons/16x16_icon_msExcel.gif" id="export2Excel" tooltip="Export nach Excel" text="Export nach Excel" disabled="false"/>
    <button image="icons/16x16_icon_msWord.gif" id="export2Word" tooltip="Export nach Word" text="Export nach Word" disabled="false"/>
    <separator/>
    <button disabled="true" image="icons/20x20lock.gif" id="lock" tooltip="Sperren (zugehöriges Objekt)" text="Sperren (zugehöriges Objekt)"/>
    <button disabled="true" image="icons/20x20unlock.gif" id="unlock" tooltip="Sperre aufheben (zugehöriges Objekt)" text="Sperre aufheben (zugehöriges Objekt)"/>
    <separator/>
    <button image="icons/20x20promote.gif" id="promote" tooltip="nächster Status" text="nächster Status" disabled="true"/>
    <button image="icons/20x20keysearch.gif" id="search" tooltip="Suche Ausführen" text="Suche Ausführen"/>
    <button image="icons/20x20newsearch.gif" id="newsearch" tooltip="Clear Search Criteria" text="Clear Criteria"/>
    <button disabled="true" image="icons/20x20stop.gif" id="stop_search" tooltip="Stop Search" text="Stop Search" />
    <separator/>
    <choice id="search_mode" tooltip="Search modes" text="Search Mode">
    </choice>
    <choice id="saved_search" tooltip="Saved searches" text="Saved searches" label="Saved searches:">
    </choice>
    <separator/>
    <button image="icons/20x20expandnode.gif" id="add_criteria" tooltip="Add Criteria" text="Add Criteria" invisible="true" />
    <button image="../images/Icons/16x16/16x16_selectall.gif" id="select_all" tooltip="Alles auswählen" text="Alles auswählen"/>
    <edit id="page_size" label="Page Size:" text="" size="3"/>
    <button disabled="true" image="icons/prev_page.gif" id="prev_page" tooltip="vorige Seite" text="vorige Seite"/>
    <button disabled="true" image="icons/next_page.gif" id="next_page" tooltip="nächste Seite" text="nächste Seite"/>
    <separator/>
    <button image="../images/Icons/20x20/20x20_view.gif" id="show_item" tooltip="Objekt anzeigen" text="Objekt anzeigen"/>
    <button image="../images/Icons/16x16/16x16_relationship.gif" id="show_relationship" tooltip="Beziehung anzeigen" text="Beziehung anzeigen"/>
    <separator/>
    <button disabled="true" image="../images/Icons/16x16/16x16_fileCopy.gif" id="get_files" tooltip="Kopie der Dateien holen (der Beziehung)" text="Kopie der Dateien holen (der Beziehung)" invisible="true"/>
    <button disabled="true" image="../images/Icons/16x16/16x16_checkout.gif" id="checkout" tooltip="Check-out Dateien (der Beziehung)" text="Check-out Dateien (der Beziehung)" invisible="true"/>
    <button disabled="true" image="../images/Icons/16x16/16x16_checkin.gif" id="checkin" tooltip="Check-in Dateien (der Beziehung)" text="Check-in Dateien (der Beziehung)" invisible="true"/>
    <separator/>
    <button disabled="true" image="../images/Icons/16x16/16x16_fileCopy.gif" id="get_files_related" tooltip="Kopie der Dateien holen (bezogenes Objekt)" text="Kopie der Dateien holen (bezogenes Objekt)" invisible="true"/>
    <button disabled="true" image="../images/Icons/16x16/16x16_checkout.gif" id="checkout_related" tooltip="Check out Dateien (bezogenes Objekt)" text="Check out Dateien (bezogenes Objekt)" invisible="true"/>
    <button disabled="true" image="../images/Icons/16x16/16x16_checkin.gif" id="checkin_related" tooltip="Check in Dateien (bezogenes Objekt)" text="Check in Dateien (bezogenes Objekt)" invisible="true"/>
    <separator/>
    <button image="../images/Icons/16x16/16x16_copy.gif" id="copy2clipboard" tooltip="Beziehung in Zwischenablage kopieren" text="Beziehung in Zwischenablage kopieren"/>
    <button image="../images/Icons/16x16/16x16_paste.gif" id="paste" tooltip="kopierte Beziehung einfügen" text="Einfügen"/>
    <button image="../images/Icons/16x16/16x16_redline.gif" id="redline" tooltip="Enable Redline Mode" text="Redline"/>
  </toolbar>
</toolbarapplet>
