﻿<?xml version="1.0" encoding="utf-8"?>
<toolbarapplet buttonsize="26,25">
  <toolbar id="search">
    <button image="icons/20x20keysearch.gif" id="search" tooltip="Run Search" text="Search"/>
    <button image="icons/20x20newsearch.gif" id="newsearch" tooltip="Clear Search Criteria" text="Clear Criteria"/>
    <button disabled="true" image="icons/20x20stop.gif" id="stop_search" tooltip="Stop Search" text="Stop Search" />
    <separator/>
    <choice id="search_mode" tooltip="Search modes" text="Search Mode">
    </choice>
    <choice id="saved_search" tooltip="Saved searches" text="Saved searches" label="Saved searches:">
    </choice>
    <separator/>
    <button image="icons/20x20expandnode.gif" id="add_criteria" tooltip="Add Criteria" text="Add Criteria" invisible="true" />
    <button image="icons/20x20selectall.gif" id="select_all" tooltip="Select All" text="Select All"/>
    <separator/>
    <edit id="page_size" label="Treffer pro Seite:" text="" size="3"/>
    <button disabled="true" image="icons/prev_page.gif" id="prev_page" tooltip="Previous Page" text="Previous Page"/>
    <button disabled="true" image="icons/next_page.gif" id="next_page" tooltip="Next Page" text="Next Page"/>
    <separator/>
    <edit id="max_search" label="Max Treffer:" text="" size="3"/>
    <separator/>
    <choice disabled="false" id="query_type" tooltip="Query Type" text="Query Type">
      <choiceitem id="Current">Current</choiceitem>
      <choiceitem id="Latest">Latest</choiceitem>
      <choiceitem id="Released">Released</choiceitem>
      <choiceitem id="Effective">Effective</choiceitem>
    </choice>
    <edit id="query_date" label="Stand:" text="" disabled="true" size="7"/>
    <button image="icons/20x20pick.gif" id="query_date_calendar" tooltip="Calendar" text="Calendar" />
  </toolbar>
</toolbarapplet>
