﻿<?xml version="1.0" encoding="UTF-8"?>
<xml>
    <item index="1" name="status" width="35%" type="both" value="">
      <font family="Dialog" size="10" bold="1" italic="0"/>
    </item>
    <item index="2" name="user" width="25%" type="both">
      <font family="Dialog" size="10" bold="0" italic="0"/>
      <url>../solidworks/16x16_model.gif</url>
    </item>
    <item index="3" name="server" width="25%" type="both">
      <font family="Dialog" size="10" bold="0" italic="0"/>
      <url>../solidworks/16x16_config.gif</url>
    </item>
    <item index="4" name="status" width="15%" value="">
      <font family="Dialog" size="10" bold="1" italic="0"/>
    </item>
</xml>

