﻿<?xml version="1.0" encoding="utf-8"?>
<toolbarapplet on_load="onToolbarAppletLoad" on_click="onClickItem" on_change="onChoiceChanged" buttonstyle="windows" buttonsize="26,22" top_border="1" bottom_border="1">
	<toolbar id="swtoolbar">
		<choice id="modellist" text="Model: ">
			<choiceitem>[                                                ]</choiceitem>
		</choice>
		<choice id="configlist" text="Configuration: ">
			<choiceitem>[                                                ]</choiceitem>
		</choice>
		<separator/>
		<button text="Synchronize" id="synchronize" image="icons/20x20refresh.gif" tooltip="Synchronize SolidWorks BOM with Innovator"/>
		<separator/>
		<button text="Exit" id="exit" image="icons/20x20exit.gif" tooltip="Exit"/>
	</toolbar>
</toolbarapplet>
