﻿<?xml version="1.0" encoding="utf-8"?>
<toolbarapplet on_load="onToolbarAppletLoad" on_click="onBtnClick" buttonstyle="windows" buttonsize="26,25">
	<toolbar id="tb1">
		<button image="icons/20x20keysearch.gif" id="update" tooltip="Update Information" statusmsg="Update Information">Update</button>
		<button image="icons/20x20newsearch.gif" id="newsearch" tooltip="Clear Search Criteria" statusmsg="Clear Search Criteria">Clear Criteria</button>
		<button disabled="false" image="../images/icons/16x16/16x16_lists.gif" id="select_all" tooltip="Select all items" statusmsg="Select all items"/>
		<button image="icons/20x20delete.gif" id="terminate" tooltip="Terminate Selected Sessions" statusmsg="Terminate Selected Sessions">Terminate</button>
		<button image="icons/20x20exit.gif" id="exit" tooltip="Exit" statusmsg="Exit">Exit</button>
	</toolbar>
</toolbarapplet>
